product_name,price,discount,review_rating,review_amount,brand
Locion Perfume Lacoste Red 125 Ml,280.000,0,4.3,9,Lacoste
Perfume Loción Swiss Army  Muje,177.900,0,0,0,Victorinox
Hugo Boss The Scent Tradicional EDT 200 ml para  hombre,279.204,0,4.4,20,Hugo Boss
Perfume Diamantes Y Rubies Elizabeth Taylor Mujer 100ml,99.900,0,5.0,4,Elizabeth Taylor
Perfume Loción Pino Silvestre Hombre 12 - Ml A,97.990,0,4.3,6,Lino Vidal
Perfume Pleasures Estee Lauder,249.900,0,4.0,4,Estée Lauder
Perfume De Mujer Cyzone Dancing Sunset 90 mL,34.900,0,4.8,36,Cyzone
Perfume Locion 100 Cc Chevinginon 100ml - L,114.900,0,4.8,9,Chevignon
Loción Perfume Brut Colonia Eau De Colo - mL,84.151,0,4.5,24,Brut
Perfume Montblanc Legend EDT 200 ml,269.690,0,3.4,8,Montblanc
Perfume Ciara By Revlon 68ml Spray,67.775,0,4.7,19,Revlon
Oscar De La Renta Volupté Eau De Toilette 100 ml Para Mujer,139.900,0,4.5,16,Oscar de la Renta
Antonio Puig Agua Brava Men Edt 500ml,199.900,0,4.9,7,Antonio Puig
Perfume Asad Lattafa 100ml,109.684,45,4.6,34,Lattafa
Loción Perfume For Men Camera For Max - mL,120.000,0,4.0,3,Max Deville Paris
Perfume Shakira Eau Florale 80ml Edt,139.900,0,4.9,11,Shakira
Mithyka Perfume Dama L'bel Concentración Alta,60.300,33,4.8,14,L'Bel
Loción Victoria's Secret Midnigth Bloom Fragance Mist 250ml,71.250,30,4.6,17,Victoria's Secret
Perfume Xool Yanbal,60.100,0,4.3,13,Yanbal
Nautica Classic EDT 100 ml para  hombre,87.704,0,5.0,2,Nautica
Perfume Anais Anais Cacharel 100 Ml,195.813,0,5.0,3,Cacharel
Perfume Kaiak K Masculino Natura 100 Ml Eau De Parfum ,115.000,0,5.0,5,Natura
 Halloween Blue Drop EDT 100 ml para  mujer,156.605,0,4.6,5,Halloween
 Terre d'Hermès EDT 100 ml para  hombre,120.000,60,3.9,7,Hermès
Perfume Drakkar Noir 200ml EDT para  hombre,192.695,0,4.5,44,Guy Laroche
Tous L Eau Dama (botella Rosa) 90 Ml Edp Spray,189.900,0,4.8,5,Tous
Perfume Versace Bright Crystal Absolu 90ml EDP para  mujer,129.000,57,0,0,Versace
 EDT 50 ml,21.854,0,4.8,286,Ésika
Al Haramain Amber Oud EDP 60 ml,188.439,6,4.2,17,Al Haramain
Perfume Paris Hilton 100ml EDP,125.000,0,5.0,3,Paris Hilton
Perfume Clinique Happy For Men Colonia 100ml Para hombre,125.000,0,4.3,4,Clinique
Perfume Omnia Coral 65ml Dama Bulgary ¡¡¡original,144.000,60,4.3,6,Bulgary
Ésika Impredecible EDP 50 ml para  mujer,60.944,0,4.7,71,Ésika
Issey Miyake L'eau d'Issey Tradicional EDT 100 ml para  mujer,168.000,40,4.0,4,Issey Miyake
Nautica Voyage N-83 EDT 100 ml para  hombre,127.415,15,4.2,17,Nautica
Perfume Amor Amor Cacharel EDT 100 ml Para Mujer,230.000,0,4.8,10,Cacharel
Colonia Loción Perfume Avon 300 Km/h Max Turbo Men 100 Ml,38.448,0,4.8,5,Avon
 Halloween EDT EDT 200 ml para  mujer,259.900,0,5.0,10,Halloween
Versace Eros Pour Femme EDP 100 ml para  mujer,317.906,32,5.0,7,Versace
Perfume Grey Flannel Geoffrey Beene edt 100 ml,132.990,0,4.8,5,Geoffrey Beene
Sweet Black Intense Cyzone 50ml,30.000,0,4.6,63,Cyzone
Moschino Funny Tradicional EDT 100 ml para  mujer,117.000,61,5.0,5,Moschino
4711 Echt Kölnisch Wasser Original Eau de Cologne Colonia 400 ml,179.900,0,4.8,41,4711
Perfume Kenzo Amour EDP 100 ml para  mujer,320.003,3,4.0,3,Kenzo
Loción Coconut Passion Shimmer Victoria´s Secret Mujer250 Ml,77.555,28,4.1,8,Victoria's Secret
Guess By Marciano 100 Ml. Edt Hombre - mL,145.900,0,0,0,Guess
Nitro X 3 Unidades - Promoción Loción C - mL,108.000,0,4.6,21,Ésika
Perfume Carolina Herrera Clasico 100ml EDP Para Dama,300.800,6,5.0,1,Carolina Herrera
Perfume Paris Hilton For Men 100ml EDT,117.143,0,4.3,3,Paris Hilton
Perfume Mujer Dolce & Gabbana Light Blue 100 ml EDT,128.000,68,4.1,14,Dolce & Gabbana
Locion Perfume Lacoste Red 125 Ml,280.000,0,4.3,9,Lacoste
Perfume Loción Swiss Army  Muje,177.900,0,0,0,Victorinox
Tous Kids Boy 100ml Niño - mL,137.931,31,4.0,2,Tous
Perfume Masculino Boss Bottle Eau De Toilette 100ml Hugo Boss,111.000,63,4.1,19,Hugo Boss
Perfume Moschino I Love Love Cheap & Chic 100 ml EDT para mujer,176.000,12,4.6,9,Moschino
Perfume Locion Eau De Cartier 100 Ml U - mL,330.449,0,0,0,Cartier
Loción Sprio Blue Yanbal Hombre - Ml,92.200,0,0,0,Yanbal
Lattafa Oud For Glory Amethyst Unisex 100ml Edp,116.076,3,4.5,34,Lattafa
Aramis Perfume Varon 110 Ml,189.493,0,5.0,6,Aramis
Cab Perfume  Puig Agua Brava 100ml. Edc. Original ,99.900,0,3.9,10,Puig
Far Away Eau De Perfume Spray - Ml A $760,42.300,0,4.6,7,Avon
Perfume Lancome Miracle Dama 100ml EDT,320.000,0,5.0,2,Lancôme
Cartier Pasha Edition Noire Edt 100 Ml,310.000,0,4.0,3,Cartier
Perfume Mithyka + Locion Perfumada  Lbel,60.100,0,5.0,9,L'Bel
Perfume Locion Jean Nate Mujer 887ml Original,70.000,0,4.7,40,Revlon
Carolina Herrera 212  Men Vip EDT 200 ml para  hombre,306.000,49,2.7,3,Carolina Herrera
Flora By Gucci 75 Ml Eau De Toilette De Gucci,270.074,0,4.0,3,Gucci
Perfume Arsenal Gold By Gilles Cantuel Para Hombre,99.900,0,4.8,5,Gilles Cantuel
"Perfume, Loción Id I.d. De Lbel 100 Ml",61.000,0,5.0,1,L'Bel
Perfume Live Luxe Para Mujer De Jennifer Lopez Edp 100ml Volumen De La Unidad 100 Ml,149.900,0,5.0,2,Jennifer Lopez
Perfume Dolce & Gabbana Light Blue Intense 100ml EDP,152.000,62,4.0,4,Dolce & Gabbana
Perfume Elizabeth Arden Red Door EDT 100 ml para  mujer,170.000,0,4.2,15,Elizabeth Arden
Perfume Masculino Grey Flannel Geoffrey Beene 240Ml EDT,146.900,0,4.2,13,Geoffrey Beene
Perfume Natura Kaiak Oceano Eau De Toilette Femenino,78.900,0,4.5,4,Natura
Perfume Gentleman Only Para Hombre De Givenchy Edt 100ml,299.900,0,0,0,Givenchy
Must Dama 100 Ml Cartier Edt Spray,410.000,0,3.7,3,Cartier
Perfume Giorgio Armani Acqua di Giò Eau de Toilette 200 mL,350.000,0,3.8,4,Giorgio Armani
Locion Perfume Lacoste L.12.12 Bleu Azu - L,124.000,69,0,0,Lacoste
Perfume Ck Truth Mujer Edp 100 Ml,252.103,3,4.0,2,Calvin Klein
Perfume Guess Marciano Edp 100ml Mujer,139.900,0,4.9,15,Guess
Magnetic Absolute Pulso Leyenda,180.600,14,4.7,10,Ésika
Al Haramain L'Aventure EDP 200 ml para  hombre,262.080,36,4.2,26,Al Haramain
Perfume Katy Perry Purr EDP 100 ml para  mujer,159.900,0,0,0,Katy Perry
Perfume Loción Perry Ellis 360  Mujer 100ml Original,169.900,0,4.3,44,Perry Ellis
Britney Spears Midnight Fantasy EDP 100 ml para  mujer,125.000,0,4.3,7,Britney Spears
Locion Bifasica Vibes + Magic - Ml,72.200,0,0,0,Cyzone
Locion Tabu,13.500,0,4.8,22,Tabu
Perfume Magnetic Absolute Esika,74.070,10,4.7,15,Ésika
"Perfume, Loción Soft Musk Vanilla Avon - mL",32.250,0,4.7,26,Avon
Perfume Dior Fahrenheit EDT 100 ml para  hombre,148.000,63,5.0,3,Dior
Perfume Loción Hombre Curve 125,149.900,0,4.8,5,Liz Claiborne
Locion Perfume Clinique Happy For Men. Original,175.816,29,4.8,5,Clinique
Perfume Vibranza Blanc Esika Dama,63.000,0,4.7,10,Ésika
Dolce & Gabbana Light Blue pour Homme 125 ml,147.000,58,4.3,7,Dolce & Gabbana
Perfume Happy Heart Para Mujer De Clinique 100ml,215.900,0,0,0,Clinique
Lociones Dorsay + Winner Sport +nitro+ You,178.200,10,4.8,13,Ésika
Paco Rabanne Lady Million EDP 80 ml para  mujer,117.000,61,0,0,Paco Rabanne
Jaque Colonia Loción Para Hombre De Yanbal X 75 Ml Original,89.910,10,4.2,16,Yanbal
Perfume Lacoste Touch Of Pink 90ml EDT,125.000,0,4.4,13,Lacoste
Jean Paul Gaultier Classique 100ml Edp Spray,419.900,0,0,0,Jean Paul Gaultier
Locion Perfume Lacoste Red 125 Ml,280.000,0,4.3,9,Lacoste
Perfume Loción Swiss Army  Muje,177.900,0,0,0,Victorinox
"Lociones: Dorsay, Winner Sport Y Nitro - L A $106",140.060,6,4.9,19,Ésika
Lacoste L.12.12 Blanc Pure EDT 100 ml para  hombre,289.900,0,0,0,Lacoste
Perfume Vibranza Addiction Esik,64.100,0,4.8,179,Ésika
Loción Victorias Secret Floral Morning Dream Fragance 250ml,69.277,27,0,0,Victoria's Secret
4 Lociones Mujer Dancing Cyzone Original,131.300,0,4.8,9,Cyzone
Secret Fantasy Dreams Avon X2 - Ml,44.900,0,5.0,3,Avon
 Eau de Parfum EDP 100 ml para  hombre,380.000,0,0,0,Creed
Perfume Dancing Dama Cyzone,32.000,0,5.0,5,Cyzone
Loción Body Spa Kids Colonia Para Niños Yanbal,38.300,0,4.5,14,Yanbal
Loción Body Spa Kids Colonia Para Niñas Yanbal,38.300,0,4.8,10,Yanbal
Loción F Free Time De Salvatore Ferragamo Edt 100 Ml,231.990,0,0,0,Salvatore Ferragamo
Pack 4 Nitro Surtidas Hombre Cy,149.799,5,4.8,21,Cyzone
Perfume Locion Lacoste Noir Intense Hombre 100ml Original,289.900,0,4.9,9,Lacoste
Perfume Locion Cold 100ml Hombre Original,70.000,0,4.4,131,Benetton
Loción Ohm Azul Yanbal Original - L A $822,92.545,24,4.7,78,Yanbal
Perfume Locion Touch Original Fred Hayman 100 Ml,146.900,0,4.5,84,Fred Hayman
Loción Victorias Secret Orange Flower Sun Fragance Mist250ml,68.006,26,0,0,Victoria's Secret
Locion Perfume Lacoste Red 125 Ml,280.000,0,4.3,9,Lacoste
Perfume Mithyka 50ml +locion Perfumada 160 Ml Esika,57.884,21,4.8,6,L'Bel
Perfume Mia Sensual Night Esika,71.900,0,5.0,3,Ésika
 Herrera for Men Carolina Herrera Tradicional EDT 100 ml para  hombre,268.123,0,4.5,19,Carolina Herrera
Pack 4 Dorsay Surtidas Esika ,253.706,3,4.6,61,Ésika
Perfume Autentik Cyzone Juvenil,34.900,0,5.0,5,Cyzone
Set X5 Locion Blossoming Petals,79.000,0,4.3,7,Avon
Loción Ohm Azul X 2 Yanbal Original Hombre,204.345,5,5.0,2,Yanbal
Perfume Locion Pasha De Cartier Hombre - mL,330.000,0,4.5,4,Cartier
Perfume Locion Arsenal Variedad Hombre 100ml Original,99.900,0,4.4,31,Gilles Cantuel
Perfume Loción Rumba Mujer 100ml Original Garantizado ,119.351,0,4.6,29,Ted Lapidus
Marc Jacobs Daisy EDT 100 ml para  mujer,299.900,0,4.0,4,Marc Jacobs
Perfume Loción Her Secret Mujer80ml Or - Ml A $1624,129.900,0,5.0,1,Banderas
Lacoste Femme 90 Ml Eau De Parfum Spray De Lacoste,300.000,0,5.0,1,Lacoste
Al Haramain L'Aventure Rose 100 ml para  mujer,199.900,0,5.0,1,Al Haramain
Loción Zentro Hombre Yanbal Original!,114.000,0,4.7,18,Yanbal
Perfume Locion Diesel Fuel For Life Hombre 125ml Original,219.900,0,4.4,12,Diesel
Perfume  Ferrari Red 125ml,171.100,0,0,0,Ferrari
Natura Kaiak O2 Eau De Toilette 100 ml para hombre,68.134,0,5.0,1,Natura
8 Perfumes Lociones 100 Ml Combo,75.582,33,4.6,11,Inspírations
Locion Winner Sport X 3 Unid,139.900,0,4.6,5,Ésika
Perfume Loción Can Can Mujer 100ml Original,159.900,0,4.5,28,Paris Hilton
Avon Perfume 300 Km Max Turbo Colonia Lociòn Spray Men ,35.957,5,4.5,33,Avon
Perfume Loción Swiss Army  Muje,177.900,0,0,0,Victorinox
Perfume Loción Fantasy Mujer 100ml Original,149.900,0,5.0,6,Britney Spears
Perfume Loción Benetton Dreams Love Y Mujer 80ml Original,139.900,0,4.5,13,Benetton
Perfume Loción Guess Mujer 75ml Original,139.900,0,4.7,11,Guess
 EDP 100 ml para  mujer,289.900,0,0,0,Boucheron
Loción Dancing X 100ml. X 2 Unidades,69.900,0,5.0,1,Ésika
Perfume Loción Her Golden Secret Mujer 80ml Original,129.900,0,5.0,3,Antonio Banderas
Perfume Loción Paloma Picasso Mujer 100ml Original,269.900,0,4.5,4,Paloma Picasso
Locion Perfume Lacoste Red 125 Ml,280.000,0,4.3,9,Lacoste
Perfume Loción Swiss Army  Muje,177.900,0,0,0,Victorinox
Vanilla Colonia Loción Hombre De Ésika X 75 Ml Original,42.655,5,4.6,10,Ésika
Nitro + Nitro Ultimate Cyzone,83.100,0,4.8,5,Cyzone
Loción Fantasía Azul Infinito Promoción X 2 Unidades,86.900,0,0,0,Ésika
Dorsay Class + Dorsay Inspire,134.900,0,4.7,10,Ésika
Loción Gaia  Mujer Yanbal Original !!,99.300,0,4.8,42,Yanbal
Perfume Loción Mujer Curve 125,127.900,0,4.0,1,Liz Claiborne
Locion Cardigan X 90ml. - Esika,55.900,0,0,0,Ésika
Locion Dorsay Infinite Hombre Esika Original,84.900,0,5.0,6,Ésika
Loción Ccori Rose Le Parfum Dama Original Yanbal,99.900,0,4.9,8,Yanbal
Loción Nautica Voyage Edt 100 Ml Para  Hombre,101.900,0,4.3,138,Nautica
Perfume Locion Antonio Puig 100ml Hombre Original,99.000,0,4.6,55,Antonio Puig
Forze + Forze Unlimited Cyzone,75.600,0,5.0,4,Cyzone
Perfume Locion Animale Mujer 100ml Original,189.900,0,4.7,87,Animale
Perfume Loción Halloween Mujer 100ml Original,179.900,0,4.5,34,Jesús del Pozo
Loción Get Ready De adidas 100 Ml Edt,63.350,30,0,0,adidas
"Perfume, Loción, Colonia Nitro De Cyzone 100 Ml Original",30.000,0,5.0,2,Cyzone
"Perfume, Loción, Colonia Xiss 110 Ml Yanbal",60.100,0,5.0,3,Yanbal
300 Km/h + Virtual Adrenaline ,74.700,0,5.0,6,Avon
Loción Solo For Men X 2 Yanbal Origin - L A $64900,192.900,0,4.3,25,Yanbal
Set X2 Locion Blossoming Petals,29.900,0,4.9,12,Avon
Perfume Locion United Dreams Aim High Hombre 100ml Original,119.900,0,4.6,9,Benetton
Perfume Locion Versace Pour Homme 100ml Hombre Original,299.900,0,4.6,7,Versace
Perfume Loción Guess Gold Mujer 75ml Original,139.900,0,4.8,42,Guess
Loción Agua Brava De Antonio Puig Edc 200 Ml,125.000,0,4.0,2,Antonio Puig
Avon Colonia Wild Country Lociòn Perfume Wild Country Avon,29.999,0,4.8,83,Avon
Natura Humor Masculino Humor A Dois,72.680,8,4.8,4,Natura
Perfume Loción Boucheron Quatre Mujer 100ml Original,289.900,0,5.0,6,Boucheron
Far Away Rebel & Diva Her Avon,40.300,0,5.0,1,Avon
"Lociones: Dorsay, Nitro Y Salvaje",137.908,8,5.0,1,Esika Ebel
Locion Feromonas Hombre,49.900,0,5.0,1,Pure Instinct
Locion Solo Para Hombre X 2 Yanbal,162.999,0,4.8,8,Yanbal
Perfume Dendur + Gaia Yanbal ,178.500,0,5.0,2,Yanbal
Loción Expression X 50ml. - Esika Nueva Presentación,42.900,0,4.7,12,Ésika
Locion Dorsay + Cardigan,129.000,0,5.0,5,Ésika
Perfume Locion Moschino Love Love Mujer 100ml Original,229.900,0,5.0,6,Moschino
Perfume Loción Beverly Hills 273 Hombre 75ml Original,110.000,0,4.4,8,Fred Hayman
Loción Dorsay Y Loción Cardigan,121.500,10,4.9,7,Ésika
Perfume Loción Agua Brava Hombre 100 Ml Original Garantizado,83.900,0,3.9,7,Antonio Puig
Moschino toy boy Toy Boy Masculino EDP 50 ml para  hombre,243.367,14,5.0,2,Moschino
Perfume Loción Burberry London Hombre 100ml Original,259.900,0,5.0,2,Burberry
Perfume Loción Tommy Hombre 100ml Original,189.900,0,4.5,24,Tommy Hilfiger
Perfume Locion Bvlgari Omnia Coral  Importado La Riviera,310.000,0,4.8,8,Bulgary
Loción Agua Brava Hombre 100ml ,90.000,0,4.3,13,Antonio Puig
Loción Caballero Vanilla For Men / 75 Ml / Esika,46.000,0,0,0,Ésika
Locion Swis Army Eau De Toilette Ho 3.4 Onzas 100ml Original,169.900,0,5.0,1,Swiss Army
Locion Winner Sport X 100ml. Original,47.900,0,5.0,5,Ésika
Locion Satin Rouge + Crema Lbel,87.300,0,5.0,1,L'Bel
Ainnara + Ainnara In Bloom Her,77.400,0,0,0,Cyzone
Locion Perfume Lacoste Red 125 Ml,280.000,0,4.3,9,Lacoste
Perfume Loción Swiss Army  Muje,177.900,0,0,0,Victorinox
Avon Colonia 300 Km /h Virtual Adrenaline Perfume Lociòn,36.800,0,4.2,16,Avon
Perfume Loción Can Can Burlesque Mujer 100ml Original,149.900,0,4.8,8,Paris Hilton
Loción Jean Naté Revlon,89.990,0,4.8,4,Revlon
Perfume Locion Santos De Cartier Hombre 100ml Original,429.900,0,5.0,3,Cartier
Loción Perfume For Men Camera For Max Deville Original,126.979,0,4.7,7,Max Deville Paris
Nitro Promo X 4 Unidades De 100ml,140.000,0,4.7,3,Ésika
Perfume Loción Ferrari Red Hombre 100ml Original,179.900,0,4.6,8,Ferrari
Loción Dendur For Men Yanbal,99.900,0,4.7,163,Yanbal
"Loción Solo, Ohm Y Xool Yanbal Originales",272.800,0,0,0,Yanbal
Loción Dancing Night X 90 Ml,36.900,0,5.0,5,Ésika
Oferta Ccori Perfume + Loción Perfumada Para Dama De Yanbal,112.410,10,5.0,2,Yanbal
Perfume Locion Terre D´ Hermes 100ml Hombre Original,389.900,0,4.3,16,Hermès
Locion Perfumada Hidratante Gaia Yanbal Original.,27.000,0,5.0,1,Yanbal
Oferta Gaia Perfume + Loción Perfumada Para Dama De Yanbal,116.010,10,5.0,1,Yanbal
Perfume Locion Nautica Classic 100ml Or - Ml A $749,99.900,0,4.2,15,Nautica
Perfume Locion Guess Seductive 100ml Hombre Original,149.900,0,4.2,6,Guess
Sweet Black Intense + Exclusive,77.400,0,5.0,7,Cyzone
6 Perfumes Cyzone Dama O Caballero ,189.000,0,4.8,5,Ésika
Mithyka + Locion Perfumada Lbel,62.886,6,4.8,4,L'Bel
Perfume Loción Light Blue Mujer 100ml Original ,299.900,0,4.2,6,Dolce & Gabbana
"Lociones: Dorsay, Winner Sport Y Expression ",149.000,0,5.0,3,Ésika
Perfume Locion Jimmy Choo Mujer 100ml Original,299.900,0,4.5,4,Jimmy Choo
Perfume Locion Touch Original,149.900,0,4.6,76,Fred Hayman
Loción Nitro Loción Winner Spor,95.900,0,5.0,6,Ésika
Osadia Infinita + Ccori Yanbal,184.200,0,5.0,5,Yanbal
Set X 2 Locion Pulso Esika,145.000,0,0,0,Ésika
3 Perfume Bleu Glacial Men Lbel,160.356,8,5.0,1,L'Bel
Perfume Grey Flannel Para Hombre X 120 Ml Original 100%,118.000,0,4.6,13,Geoffrey Beene
Loción Exus Y Loción Cardigan,129.000,0,5.0,1,Ésika
Osadia Infinita + Zentro Yanbal,206.200,0,0,0,Yanbal
Perfume Loción Happy Heart Mujer 100ml Original ,249.900,0,4.6,8,Clinique
Perfume Locion Animale Mujer 200ml Original,229.900,0,4.8,6,Animale
Locion Cardigan Y Locion Winner Sport,109.900,0,5.0,3,Ésika
Perfume Locion Drakkar Noir De Guy 200ml Hombre Original,239.900,0,4.0,3,Guy Laroche
Locion Winner Sport Y Locion Exus,106.900,0,5.0,1,Ésika
Perfume Locion Hugo Boss Man 125 Ml,290.000,0,4.5,10,Hugo Boss
Perfume Locion Jaipur Homme 100ml Hombre Original,219.900,0,4.8,6,Boucheron
Locion Perfume Orange Hugo Boss De 100ml,310.000,0,4.0,4,Hugo Boss
2 Perfume Bleu Glacial Men Lbel,117.600,0,4.7,3,L'Bel
Focco Discover + Dendur Yanbal,177.900,0,0,0,Yanbal
Perfume Geoffrey Beene Grey Frannel Edt 240 Ml Para Hombre,191.649,0,0,0,Geoffrey Beene
Perfume Locion Halston Z-14 125ml Hombre Original,119.900,0,4.5,24,Halston
Perfume Locion Touch Of Pink Mujer 90ml Original,239.900,0,5.0,1,Lacoste
Loción Dancing Night Y Loción Dancing,69.000,0,5.0,2,Ésika
Locion Feromonas Hombre,56.900,0,5.0,3,Pure Instinct
2 Perfume Nitro Ultimate Cyzone,88.700,0,0,0,Cyzone
Perfume Locion Jessica Simpson Fancy Mujer 100ml Original,199.900,0,5.0,3,Jessica Simpson
Forze Unlimited + Pulso Absolut,102.600,0,5.0,1,Cyzone
Locion Perfume Lacoste Red 125 Ml,280.000,0,4.3,9,Lacoste
Perfume Loción Swiss Army  Muje,177.900,0,0,0,Victorinox
Perfume Loción Presence Mujer 75ml Original,189.900,0,4.8,5,Montblanc
Loción Fantasía Azul Infinito Y Loción Dancing Night,78.900,0,4.5,2,Ésika
Perfumero Recargable Para Loción Atomizador Plata,32.290,5,5.0,3,Genericor
Magnetic Absolute Magnat Select,154.700,0,4.7,6,Ésika
Perfume Hombre Musk Air Avon X3,89.300,0,5.0,1,Avon
Perfume Mujer Mithyka Lumiere ,77.700,0,0,0,L'Bel
Loción Xiss Mujer Yanbal Original,72.500,0,4.9,15,Yanbal
"Perfume, Loción Al Haramain Amber Oud X60ml Original.",229.900,0,5.0,4,Al Haramain
300 Km/h Virtual Adrenaline X2,78.700,0,5.0,1,Avon
300 Km/h + 300 Km/h Max Turbo,74.700,0,5.0,2,Avon
Perfume Magnetic Absolute Esika,74.070,10,0,0,Ésika
Perfume Locion Passion 74ml Original,139.900,0,5.0,9,Elizabeth Taylor´s
Perfume Loción Fantasy  Midnight Mujer 100ml Original,139.900,0,5.0,5,Britney Spears
Locion Luminosa Seda Y Oro Esika Dama Original,30.000,0,5.0,13,Ésika
Locion Perfume L'eau D'issey De Issey Miyake 100 Ml,250.000,0,4.3,12,Issey Miyake
Perfume Locion Al Haramain Blanche Hombre 100ml Original ,189.900,0,5.0,5,Al Haramain
Locion Its You Emotion Esika Dama Original ,43.900,0,5.0,10,Ésika
3 Perfume Autentik Cyzone Mujer,111.500,0,5.0,1,Cyzone
Perfume Locion Dior Homme Hombre 100 Ml Original,489.900,0,4.0,1,Dior
Oferta Ccori Rose Perfume + Loción De Seda Yanbal Originales,119.286,6,5.0,4,Yanbal
Perfume Loción Red Door Mujer 100ml Original ,179.900,0,4.3,6,Elizabeth Arden
Perfume Loción Agua Brava Hombre 200ml Original,119.900,0,4.4,41,Antonio Puig
Perfume Masculino Musk Air Avon,30.000,0,5.0,1,Avon
Loción Perfume Brut Colonia Eau,89.990,0,4.7,7,Brut
Loción Antisudoral Disidrol 60ml,26.076,18,0,0,Kosmaderm
Locion The Man Cyzone Original,38.900,0,4.5,8,Cyzone
Perfume Loción Hombre Moschino ,389.000,0,4.8,24,Moschino
Perfumero Recargable Para Loción Color Negro - L A $28990 ,38.990,0,0,0,Genericor
Nitro X 2 Unidades - Promoción Loción Cyzone,70.900,0,5.0,3,Ésika
Old School Loción Eau De Parfum 50ml - Ml,39.980,0,0,0,Old School
Agua Locion Berry Licious Marca Cyone,20.000,0,5.0,1,Cyzone
"12 Perfumes, Lociones 100 Ml , Hombre Y Dama",132.327,26,4.5,18,Inspírations
Perfume Loción Para Hombre 100ml Concentrado 100% ,46.900,0,0,0,Elixir
Set Perfume Mithyka + Loción ,115.000,0,5.0,1,L'Bel
Perfume Loción Lady Million Mujer 80ml Original ,459.900,0,5.0,3,Paco Rabanne
Perfume Loción Legend Mont Blanc Hombre  6.7 Onzas 200 Ml,459.990,0,4.0,1,Montblanc
Perfume Locion Must De Cartier Mujer 100ml Original,459.900,0,4.3,6,Cartier
Locion Perfume Miracle  Lancôme,449.880,40,0,0,Lancôme
Jean Nate Original Splash 887ml,87.290,3,4.7,51,Jean Naté
Loción Arom Absolut Hombre Yanbal ,113.200,0,4.6,11,Yanbal
Loción Perfume Jean Nate ,71.500,0,4.6,8,Revlon
Loción Mujer Oh! Swett Oriflam,69.999,0,5.0,1,Oriflame
Loción Adrenaline Yanbal Mujer,77.500,0,4.4,25,Yanbal
Loción Magnat Select Y Loción Leyenda,152.900,0,5.0,1,Ésika
Perfume Locion Versace Eros Hombre 100ml Original ,319.900,0,4.0,1,Versace
Set X3 Locion Blossoming Petals,49.900,0,5.0,3,Avon
Loción Pulso X 100ml. - Esika,79.900,0,4.8,5,Ésika
Loción Magnat Select X 90ml. - Promo X 2,168.900,0,5.0,2,Ésika
Locion Perfume Lacoste Red 125 Ml,280.000,0,4.3,9,Lacoste
Perfume Loción Swiss Army  Muje,177.900,0,0,0,Victorinox
Loción Exus Y Loción Dorsay,135.900,0,4.4,5,Ésika
Loción Perfume Pino Silvestre Original 125 Ml,133.900,0,4.5,50,Pino Silvestre
Perfume Locion Lacoste Pour Femme Mujer 90ml Original,369.900,0,3.7,3,Lacoste
  Locion Minichics Rubi Divine ,30.894,11,4.0,1,Ésika
"Perfume, Colonia, Loción Pulso Absolute 100 Ml Esika",70.000,0,4.8,13,Ésika
Loción Magnat Select Y Loción Blue & Blue Hombre,120.900,0,4.0,1,Ésika
Locion Salvaje Y Locion Cardigan,119.900,0,3.7,3,Ésika
3 Magnetic Absolute Men Esika,229.400,0,0,0,Ésika
Loción Fantasía Azul Infinito Y Loción Expression,78.900,0,5.0,2,Ésika
"Set Perfume, Talco, Locion Perfumada Limage + Osadia Dama",185.400,0,0,0,"Esika, Yanbal"
Lociones 100% Originales Asad Lattafa,185.000,0,4.5,63,Lattafa
Loción Fantasía Azul Infinito Y Loción Limage ,99.000,0,0,0,Ésika
Perfume Loción Givenchy Pour Homme Hombre 100ml Original,289.900,0,5.0,6,Givenchy
Locion Perfume 360 Grados  Hombre Perry Elis 100 Ml,186.394,0,4.3,23,Perry Ellis
Locion Nitro Y Locion Exus,99.000,0,4.5,2,Ésika
Loción Cardigan Y Loción Expression,95.000,0,5.0,2,Ésika
Osadia Infinita + Osadia Hombre,167.900,0,4.2,5,Yanbal
"Perfume, Loción Adrenaline Mujer Yanbal 75 Ml Original",69.000,0,4.0,1,Yanbal
Osadia Infinita + Dendur Yanbal,178.100,0,3.7,3,Yanbal
Locion Winner Sport + Its You,94.900,0,4.0,1,Ésika
"Loción Corporal Rose De Loccitane Para Mujer, 8.4 Oz",193.933,14,0,0,L'Occitane
Perfume Locion Herrera For Men 100ml Hombre Original,289.900,0,4.0,1,Carolina Herrera
Loción Ohm Azul Y Loción Solo Yanbal Originales,210.100,0,4.6,17,Yanbal
Perfume Locion Viva La Juicy Mujer 100ml Original,279.900,0,0,0,Juicy Couture
Locion Fluidbase Rederm,184.950,0,0,0,Genové
Perfume Locion Clinique Aromatic Elixir Mujer 100ml Original,269.900,0,4.7,9,Clinique
X3 Avon Perfume Tomorrow Crema ,89.775,5,4.8,13,Avon
Perfume Locion Al Haramain L'aventure Hombre 200ml Original ,299.900,0,4.4,5,Al Haramain
2 Perfume Mithyka Lumiere Lbel,152.400,0,0,0,L'Bel
2 Magnetic Absolute Men Esika,155.800,0,4.0,2,Ésika
Dorsay Infinite  Dorsay Inspire,143.500,0,5.0,4,Ésika
2 Perfume Red Power Mujer Esika,139.900,0,5.0,3,Ésika
Loción Pulso Y Loción Dorsay De Esika,133.480,6,4.0,2,Ésika
Perfume This Love + Today Avon,125.400,0,0,0,Avon
Locion Perfume 212 Vip Men 200ml Carolina Herrera De 100ml,343.202,0,3.4,5,Carolina Herrera
Perfume Locion Moschino Funny! Mujer 100ml Original,209.900,0,5.0,2,Moschino
Aires Del Amazonas + Del Caribe,111.800,0,0,0,Yanbal
2 Lociones Dancing Night + Its You Esika,111.800,0,5.0,4,Ésika
"Perfume, Loción, Colonia Limage De Esika 50 Ml",60.100,0,0,0,Ésika
3 Perfumes 300 Km Surfer Avon,113.700,0,0,0,Avon
Dancing Night + Dorsay Inspire,106.700,0,5.0,1,Ésika
"Perfume, Loción Bleu Intense Night Lbel 100 Ml",59.000,0,4.7,28,L'Bel
24 Perfumes Lociones 100 Ml,203.219,29,0,0,Inspírations
Loción Aramis Havana De Aramis Edt 100 Ml,544.500,0,5.0,6,Aramis
Loción Para Mujer Con Feromonas,39.900,0,4.0,6,EstiloImportado
Locion Perfume 360 Rose Collection 100 Ml,182.851,29,5.0,2,Perry Ellis
Perfume Locion Bvlgari Man 100 Ml Importado La Riviera,320.000,0,4.7,6,Bvlgari
Perfume Locion Clinique Happy Hombre 100ml Original,184.203,3,4.5,2,Clinique
Locion Perfume Lacoste Red 125 Ml,280.000,0,4.3,9,Lacoste
Perfume Loción Swiss Army  Muje,177.900,0,0,0,Victorinox
Locion Dancing + Prints,119.000,0,4.5,2,Cyzone
Loción Musk Hombre Yanbal Nueva Presentación Original,78.900,0,5.0,7,Yanbal
Loción Dulce Vanidad Original Yanbal,77.600,0,4.9,7,Yanbal
Combo12 Perfumes Lociones 100ml,116.011,29,4.6,5,Inspírations
Far Away Rebel & Diva X2 Avon,81.900,0,0,0,Avon
Perfume Mithyka + Crema Locion Perfumada  Lbel,64.900,0,0,0,L'Bel
Nitro Intense + Forze Unlimited,79.300,0,5.0,2,Cyzone
Perfume Mithyka Liberte Lbel,70.100,0,5.0,2,L'Bel
2 Perfumes 300 Km Surfer Avon,78.700,0,0,0,Avon
Perfume Loción Dazzle Mujer 125ml Original,143.900,0,3.8,5,Paris Hilton
2 Locion Bifasica Moonligh Glow,72.200,0,0,0,Cyzone
Perfume Mithyka + Locion Perfumada + Bolsa Regalo Lbel,65.000,0,5.0,2,L'Bel
Perfume Loción Siren Mujer 100ml Original,129.900,0,3.9,9,Paris Hilton
Perfume Loción Girl Mujer 100ml Original,148.900,0,3.7,3,Guess
Locion Winner Sport X 2 Unid,99.900,0,4.7,3,Ésika
Perfume Locion Nautica Blue 100ml Origi - Ml A $749,139.900,0,4.6,9,Nautica
Loción Hidratante Dream X4 Esik,61.000,0,0,0,Ésika
Colonia Homme 033 Lbel X 100ml.,95.000,0,5.0,1,Ésika
Perfume Loción By Marciano Mujer 100ml Original,139.900,0,4.4,33,Guess
Loción Ohm Azul X 2 Yanbal Original Hombre,215.100,0,4.5,2,Yanbal
Perfume Musk Marine Avon Original,39.400,0,4.5,10,Avon
Locion Vanilla Scent +expressio,88.900,0,0,0,Ésika
Loción Hidratante Dream X3 Esik,44.700,0,0,0,Ésika
Perfume 300 Km Surfer Men Avon,39.900,0,0,0,Avon
Perfume Locion Watt Pink Mujer 100ml Original,90.000,0,4.0,4,Cofinluxe
Loción Ohm Azul Y Loción Solo Yanbal Originales,211.000,0,0,0,Yanbal
Perfume Locion Touch 100ml Original,149.900,0,4.6,76,Fred Hayman
Loción Expression Promoción X 2 Unidades,79.900,0,5.0,2,Ésika
Loción Nitro Y Loción Winner Sport,89.000,0,4.9,16,Ésika
Loción Dorsay Y Loción Vanilla Hombre ,109.480,8,4.8,5,Ésika
"Perfume, Loción Kaiak Urbe Masculino Natura 100 Ml",83.000,0,0,0,Natura
"Perfume, Loción, Colonia Dorsay 90 Ml Esika Original",65.900,0,5.0,8,Ésika
Loción Para Hombre Especiado,39.900,0,0,0,Perfumeria Luzme
"Perfume, Loción, Colonia Dancing Night 90 Ml Cyzone",30.000,0,0,0,Cyzone
Al Haramain Amber Oud Gold Edition EDP 120 ml,177.540,34,4.6,23,Al Haramain
"Perfume, Loción, Colonia Jaque 75 Ml Yanbal",89.000,0,5.0,4,Yanbal
Locion Solo De Yanbal + Loción Dorsay De Esika,168.210,10,5.0,2,Yanbal - Esika
Locion Solo Y Locion Magnat Select + Envío Gratis,193.000,0,5.0,1,Ésika
Locion Cardigan +winner +dorsay,179.000,0,4.0,1,Ésika
Cardigan X 3 Unidades,179.000,0,4.5,2,Ésika
"Perfume, Loción, Colonia Vanilla Hombre Esika 75 Ml",42.000,0,5.0,1,Ésika
Locion Solo Y Nitro Intense + Envío Gratis,149.000,0,0,0,Yanbal
Locion Leyenda Y Locion Magnat Select,154.000,0,5.0,1,Ésika
Loción Dorsay Y Loción Dorsay Class - Esika,149.900,0,0,0,Ésika
Loción Magnat Y Loción Leyenda,145.900,0,5.0,1,Ésika
Loción Dorsay Y Loción Magnat Select,145.900,0,0,0,Ésika
Loción Magnat Select Y Loción Cardigan,138.000,0,4.7,3,Ésika
Locion Its You Y Locion Its You Live,128.000,0,5.0,1,Ésika
Locion Perfume Clinique Happy For Men. Original,175.816,29,4.8,5,Clinique
Lociones Dorsay + Winner Sport +nitro+ You,178.200,10,4.8,13,Ésika
Lociones Leyenda Y Dorsay De Esika,135.900,0,5.0,1,Ésika
Locion Magnat Y Locion Vanilla,132.900,0,0,0,Ésika
Locion Salvaje Y Locion Magnat Select,130.900,0,4.5,2,Ésika
Locion Dorsay Infinite Y Locion Winner Sport,128.900,0,5.0,1,Ésika
Loción Pulso Y Loción Dorsay De Esika,128.610,10,0,0,Ésika
Locion Bleu Intense X 100ml + Locion Limage X 50ml.,126.000,0,0,0,Ésika
Locion Dorsay Y Salvaje,120.900,0,5.0,1,Ésika
Loción Cardigan Y Loción Limage,117.900,0,5.0,1,Ésika
Locion Leyenda Y Locion Salvaje,119.000,0,5.0,1,Ésika
Loción Exus Y Loción Winner Sport,115.900,0,5.0,5,Ésika
Locion Blue & Blue Y Locion Pulso,116.900,0,0,0,Ésika
Locion Winner Sport + Talco Esika + Gratis 4 Desodorantes,108.000,0,4.0,2,Ésika
Locion Salvaje + Vanilla,113.900,0,0,0,Ésika
Locion Dorsay Y Locion Fantasia Azul Infinito,106.900,0,5.0,1,Ésika
"Lociones: Dancing, Dancing Night Y Expression",110.000,0,5.0,1,Ésika
Loción Magnat - Esika Y Loción Nitro - Cyzone,104.313,13,0,0,Ésika
Locion Altheus Y Locion Its You,105.900,0,0,0,Ésika
Loción Dorsay Y Loción Dancing Night,99.000,0,5.0,1,Ésika
Loción Limage X 50ml. - Esika Original,59.000,0,0,0,Ésika
 Impredecible Y Locion Express,99.900,0,0,0,Ésika
"Lociones: Dancing, Dancing Night Y Nitro Air ",99.000,0,5.0,1,Cyzone
Loción Its You Y Loción Dancing,90.900,0,0,0,Ésika
Locion Exus +locion Expression. ,99.000,0,5.0,1,Ésika
Locion Salvaje Y Locion Its You,99.000,0,5.0,1,Ésika
Locion Cardigan + Locion Fantasia Azul Infinito.,99.000,0,0,0,Ésika
Locion Cardigan Y Locion Nitro,98.000,0,0,0,Ésika
Locion Exus + Nitro,96.900,0,0,0,Ésika
Loción Expression Y Loción Fiori,95.000,0,0,0,Ésika
Loción Nitro Y Loción Dorsay,93.003,13,4.3,7,Ésika
Loción Exus Y Loción  Blue & Blue,95.000,0,0,0,Ésika
Locion Blue & Blue Y Locion Cardigan,95.000,0,4.0,1,Ésika
"Lociones: Dorsay, Nitro Y Vanilla",145.000,0,5.0,1,Esika Ebel
Locion Winner Sport Y Locion Nitro Intense,85.900,0,0,0,Ésika
Loción Nitro Air Y Loción Nitro - Cyzone-esika,79.900,0,5.0,1,Ésika
Locion Perfume Fragancia Colonia Magnat Esika X 90ml.,88.900,0,0,0,Ésika
Locion Limage + Dancing Night + Prints,110.920,6,4.0,2,Ésika
Loción Winner Sport Y Loción Dancing,84.900,0,0,0,Ésika
Pulso X 100ml. - Esika,79.000,0,5.0,1,Ésika
Locion Solo De Yanbal + Loción Dorsay De Esika  ,170.200,8,0,0,Yanbal - Esika
Loción Fantasía Azul Infinito Y Loción Blue & Blue,78.900,0,0,0,Ésika
Loción Expression Promoción X 2 Unidades,76.900,0,5.0,4,Ésika
Loción Blue & Blue Y Loción Fantasía Azul Infinito,78.900,0,0,0,Ésika
Loción Nitro Y Loción Fantasía Azul Infinito,78.900,0,0,0,Ésika
Loción Girlink Y Loción Fantasía Azul Infinito ,79.000,0,0,0,Ésika
"Loción, Perfume, Fragancia, Colonia Pulso X 100ml.",72.900,0,0,0,Ésika
Loción In Love Y Loción Expression ,74.000,0,0,0,Ésika
Loción In Love Promocion X 2 ,69.900,0,5.0,1,Ésika
Loción Leyenda X 100ml. - Esika,73.900,0,5.0,1,Ésika
Locion Perfume Clinique Happy For Men. Original,175.816,29,4.8,5,Clinique
Lociones Dorsay + Winner Sport +nitro+ You,178.200,10,4.8,13,Ésika
Locion Salvaje Y Locion Winner Sport ,92.900,0,5.0,8,Ésika
Locion Nitro X 100ml. Cyzone Promocion X 2unid.,59.900,0,5.0,1,Cyzone
"Perfume, Loción, Colonia Soft Musk 50 Ml Avon",36.000,0,4.4,5,Avon
Locion Solo X 80ml. Yanbal,112.900,0,5.0,1,Yanbal
Loción Para Niña Yanbal,29.500,0,0,0,Yanbal
Temptation Mujer Yanbal Original,88.000,0,5.0,8,Yanbal
Locion Cardigan + Vanilla,112.000,0,5.0,1,Ésika
Loción Dancing X 100ml. - Cyzone,35.900,0,5.0,1,Ésika
Set X2 Loción Zentro Blanca Hombre Yanbal Original ,194.800,0,5.0,1,Yanbal
Loción Perfume Anais Anais Cacharel X100 Ml Mujer,191.649,0,5.0,1,Cacharel
Loción Perfume Ck One 200 Ml Original,173.530,33,4.4,74,Calvin Klein
Locion Fiori + Expression,82.900,0,4.0,1,Ésika
Loción Prints X 30ml. - 3 Unidades ,75.900,0,0,0,ESIK
Locion Perfume Clinique Happy - mL,169.900,21,0,0,Clinique
Locion You + Fantasia Azul Infi,79.900,0,4.8,302,Ésika
Perfume Loción Halloween Mujer ,176.900,0,0,0,Jesús del Pozo
Perfume Original Geoffrey Beene Grey Fannel Hombre 240ml,159.990,0,4.7,9,Geoffrey Beene
Locion You - Ml A $432,44.000,0,5.0,1,Ésika
"Lociones: Dorsay, Winner Sport Y Nitro",139.900,0,4.4,7,Ésika
Locion Nitro X 100ml. Cyzone ,35.900,0,0,0,Ésika
Loción Perfume Nitro Hombre 100,37.000,0,5.0,2,Cyzone
Loción Dancing Night Y Limage,119.990,0,5.0,2,Ésika
Loción Sprio Blue Hombre Yanbal Original,92.200,0,5.0,1,Yanbal
Loción Mujer Oh! Sweet Oriflame,71.250,5,0,0,Oriflame
"Set Kit Perfume, Loción Kaiak Urbe Natura 100 Ml",89.000,0,0,0,Natura
Locion Perfume Arsenal Roja Hom,98.900,0,5.0,1,Gilles Cantuel
"Set Lociones De Seda  Ámbar, Rosa Y Lima Yanbal Original",100.000,0,5.0,1,Brand not found
Loción Temptation Mujer Yanbal Original,87.900,0,4.8,4,Yanbal
Loción Zentro Hombre Yanbal Original!,121.000,0,5.0,3,Yanbal
"Perfume, Loción Kaiak Clasico Femenino Natura 100 Ml",81.000,0,5.0,2,Natura
"Perfume, Loción Egeo Red Oboticario 90 Ml",88.000,0,0,0,Grupo Boticário
"Set Perfume, Loción Temptation Mujer Yanbal 50 Ml",85.000,0,0,0,Yanbal
Set Perfume Mithyka + Loción Hi,82.000,0,5.0,1,L'Bel
Loción Hombre Soul Focus Oriflme,74.900,0,5.0,1,Oriflame
2 Perfume Locion Colonia Hombre Nitro  Esika Cyzone Cy Zone,79.990,0,4.9,22,Ésika
Set Perfume Liasson De Lbel 50 Ml,78.900,0,5.0,1,L'Bel
Perfume Loción 4711 Agua De Colageno 400ml Uni - Ml A $375,190.700,0,0,0,Muelhens
Loción Cielo Original By Yanbal,103.900,0,5.0,6,Yanbal
Locion Perfume Omnia Coral Orig,290.000,0,5.0,1,Bvlgari
"Perfume, Loción Dulce Amistad Yanbal 50 Ml",58.900,0,5.0,1,Yanbal
"Perfume, Loción, Colonia Magnat De Esika 90 Ml",64.000,0,5.0,1,Ésika
Locion Dancing  Cyzone,33.900,0,0,0,Ésika
Oriflame Perfume Venture Beyond,37.900,0,4.7,7,Oriflame
Locion De Seda Yanbal,34.990,0,4.9,10,Yanbal
Locion Intrepid Hombre Esika,47.990,0,4.0,5,Ésika
Locion Comando Force Aromax,33.542,11,4.0,1,Ésika
"Perfume, Loción New Cool De Cyzone 75 Ml",33.000,0,0,0,Cyzone
 Avon Perfume Secret Attitude Lociòn Colonia Secret Attitude,27.150,0,4.1,8,Avon
"Perfume, Loción Emouv De Lbel 50 Ml",30.000,0,0,0,L'Bel
Locion Perfumada Far Away Avon Dama Original,16.900,0,5.0,4,Avon
Locion Perfume Lacoste L.12.12 Bleu Azu - L,125.000,0,0,0,Lacoste
Loción Original Arom Absolute Yanbal.,101.900,0,5.0,1,Yanbal
Magnetic Absolute + Pulso Esika,142.400,0,5.0,2,Ésika
Perfumero Recargable Elegante,47.490,5,0,0,Obattys
Locion Hulk Niños Y Muñeco Hulk,49.900,0,5.0,1,Hulk
Loción Dorsay  Hombre Ésika Nueva Presentación,62.800,0,4.7,478,Ésika
Perfumero Recargable Para Loción Atomizador ,37.990,0,5.0,1,Genericor
Perfumero Recargable Para Loción Color Azul ,36.990,0,5.0,2,Genericor
Perfume Locion Arsenal Blue Hombre 100ml Original,99.900,0,4.1,12,Gilles Cantuel
"Perfume, Loción, Colonia Vanilla Hombre 75 Ml Esika",42.000,0,4.0,4,Ésika
Perfumero Recargable Para Loción Color Negro ,32.005,5,5.0,4,Genericor
Perfumero Recargable Para Loción Color Gold 15ml,31.340,5,5.0,1,Genericor
"Perfume, Loción, Colonia  Nitro De Cyzone 100 Ml Original",36.000,0,4.8,297,Cyzone
Perfumero Recargable Para Loción Atom - L A $27990,32.990,0,0,0,Genericor
Perfume Expression Union Esika,47.900,0,5.0,2,Ésika
Loción Dulce Vanidad Yanbal Muj,60.000,0,0,0,Yanbal
Locion Perfume Light Blue 125 Ml Hombre,130.000,0,0,0,DG
Loción Para Hombre Black Suede,43.900,0,5.0,3,Avon
Loción Leyenda Original Ésika - Hombre,59.900,0,5.0,7,Ésika
Loción Para Niños Y Niñas,12.000,0,4.8,5,Niños
Perfume Locion Al Haramain Amber Oud 120ml Original ,379.900,0,4.8,8,Al Haramain
Loción Polo Red Rush De Ralph Lauren 125 Ml Edt,0,0,0,0,Ralph Lauren
Perfume Loción Eau Toilette  ,149.900,0,4.3,29,Genérica
Loción Perfume Possess The Secret Man Eau De Parfum Oriflame,112.360,47,0,0,Oriflame
Locion Perfume 212 Men 200 Ml,604.884,24,5.0,1,Carolina Herrera
Perfume Locion Aramis 120ml Hombre Original,199.900,0,4.7,9,Aramis
Loción One Man Show De Jacques Bogart Edt 100 Ml,129.150,0,5.0,1,Jacques Bogart
Botella Spray Recargable Viajes Portátil Loción - Rosado,12.000,0,4.3,18,The River Shark
Locion Denim Musk 100ml,177.200,0,0,0,Denim
Body Mist Locion Victoria's Secret Garden Daydream,74.971,21,0,0,Victoria's Secret
Locion Perfume Hugo Boss Bottled 100 Ml,320.000,0,3.2,5,Hugo Boss
3 Perfume Nitro Ultimate Cyzone,128.800,0,5.0,2,Cyzone
3 Ainnara In Bloom Cyzone Mujer,111.800,0,5.0,1,Cyzone
Perfume Loción Jean Paul Gautier Le Male 6.7 200 Ml Original,559.990,0,0,0,Jean Paul Gaultier
Locion Bulgary Cristal,389.990,0,0,0,Bvlgary
Loción Winner Sport Y Loción Fantasía Azul Infinito,96.900,0,0,0,Ésika
Loción Desire Rojo De Dunhill Edt 100 Ml,186.328,14,0,0,Dunhill
Loción corporal Good Girl 80 ml + 100 ml,540.000,0,0,0,Carolina Herrera
Lociones: Dorsay Y Expression De Esika Con Caja Sellada,102.900,0,5.0,1,Ésika
Loción Limage X 2 ,119.000,0,0,0,Ésika
Agua Florida Murray - Locion - 22ml - ,8.500,0,3.5,4,Murray & Lanman
Agua Florida Murray - Locion - 118ml,20.500,0,4.6,5,Murray and lanman
Perfume Locion Lacoste Hombre 100ml Original,298.900,0,5.0,2,Lacoste
Perfume Locion Fahrenheit Hombre 100ml Original,479.900,0,4.0,3,Dior
Colonia Spray Prints Cyzone Original 30 Ml,29.000,0,4.8,6,Cyzone
Perfume Locion Al Haramain Amber Oud Tabacco Original ,269.900,0,5.0,1,Al Haramain
Locion Perfume Clinique Happy For Men. Original,175.816,29,4.8,5,Clinique
Lociones Dorsay + Winner Sport +nitro+ You,178.200,10,4.8,13,Ésika
Cyzone Ésika Perfume Forze Colonia Forze  Cyzone Loción Forz,999.700.000,0,4.8,6,Cyzone
Loción Dancing Night Y Loción Limage,95.000,0,0,0,Ésika
Loción Temptation Mujer Yanbal Original,99.900,0,4.9,19,Yanbal
Perfume Locion Ciara Revlon Mujer 68ml Original,79.900,0,4.6,46,Revlon
Pack Locion Tabu,134.700,0,4.8,4,Tabu
"Perfume Emper Saga Edt para hombre, 100 ml",235.500,0,0,0,Emper
"Perfume, Loción, Colonia Homem Potence Natura 100 Ml",94.000,0,4.6,67,Natura
Perfume Loción Far Away 50 Avon,56.000,0,5.0,10,Avon
Perfume Focco Discover Yanbal,98.600,0,4.0,3,Yanbal
Agua Florida Murray - Locion - 221ml,49.900,0,4.8,11,Murray and lanman
Perfume Loción Invictus 5.0 Onz 1.50ml Hombre Original ,619.990,0,0,0,Invictus
Locion Winner Sport Y Locion Cardigan ,116.000,0,5.0,1,Ésika
"Perfume, Loción, Colonia Adrenaline Mujer 75 Ml Yanbal ",70.000,0,4.4,22,Yanbal
Loción Expression Y Loción Dancing Night,78.900,0,5.0,1,Ésika
Locion Issey Miyake Eau Fraiche ® 2015 100 Ml,280.000,0,0,0,Issey Miyake
Perfume Locion Carolina Herrera 212 Vip 6.7 Oz 200ml Orig,512.990,0,0,0,Carolina Herrera
Perfume Locion Hugo Boss 100ml Hombre Original,349.900,0,3.3,3,Hugo Boss
Perfume Dulce Amistad Yanbal,75.900,0,5.0,3,Yanbal
Locion Pasha De Cartier ®100 Ml,290.000,0,4.1,9,Cartier
Loción Nitro Y Loción Cardigan,105.000,0,5.0,1,Ésika
Locion Dancing Night + Fantasia,79.900,0,0,0,Cyzone
Lociones Dorsay + Winner Sport +nitro + Its You.,220.000,0,4.6,12,Ésika
Loción Winner Sport Y Loción Expression,94.900,0,0,0,Ésika
Perfume Loción Calvin Klein Ck One Hombre 200ml Original,199.900,0,4.0,19,Calvin Klein
Perfume Locion Vip Rose 85 Ml - L A $53,180.000,0,0,0,Carolina Herrera
Perfume Loción Carolina Herrera 212 Vip Black 100ml Original,389.900,0,0,0,Carolina Herrera
Perfume Mithyka Rose Lbel,82.051,0,5.0,1,L'Bel
"Perfume, Loción, Colonia Winner Sport Esika 100 Ml",52.000,0,5.0,3,Ésika
Perfume Loción Para Hombre 50ml Concentrado 100% ,31.900,0,0,0,Elixir
"Perfume, Loción Arom Absolute Yanbal 90 Ml",95.000,0,0,0,Yanbal
Loción Blue Intense X 100ml. - Lbel,83.000,0,0,0,L'Bel
Locion Perfume Dark Blue Hugo Boss 75 Ml,310.000,0,4.0,6,Hugo Boss
Perfume Loción Lattafa Haya Edp 100ml Original ,199.900,0,0,0,Maison Alhambra
Set De Perfumes Dama Expression + Vibranza Esika Original,92.200,0,5.0,1,Ésika
Perfume Loción Ch Men Carolina Herrera ,199.000,0,3.0,4,Carolina Herrera
Locion 7 Loewe Pour Home Edt ,510.000,0,3.6,5,Loewe
Loción One Million Edt Spray Caballero,379.900,0,0,0,One Million
Agua Florida Murray - Locion - 59ml,12.500,0,3.8,5,Murray and lanman
Locion Dorsay Y Dorsay Class X 90ml.,149.900,0,4.5,2,Ésika
Locion Perfume Fragancia Colonia Winner Sport X 100ml.,49.000,0,5.0,2,Ésika
"Kromo Fire Ésika, Dendur Yanbal",160.000,0,5.0,1,Ésika
Perfume Loción Bulgary Coral 2.5 Onzas 65 Ml  Original ,389.990,0,3.3,3,Bvlgari
Locion Perfume Light Blue Dolce & Gabanna 125 Ml,560.000,0,3.8,4,Dolce & Gabbana
Loción Man De Tous Edt 100 Ml,320.000,20,0,0,Tous
Loción Solo For Men X 3 Yanbal Original Caballero + Envío,285.000,0,0,0,Yanbal
Perfume Locion Tommy Girl Mujer 100ml Original,189.900,0,4.0,3,Tommy Hilfiger
"Lociones,perfumes 100% Originales Lattafa Amethyst",155.000,0,5.0,3,Lattafa
Loción Pulso - Esika Y Loción Solo - Yanbal,195.000,0,0,0,Ésika
Locion Perfume Clinique Happy For Men. Original,175.816,29,4.8,5,Clinique
Lociones Dorsay + Winner Sport +nitro+ You,178.200,10,4.8,13,Ésika
 Perfume Locion Hugo Boss Hombre 5.0 Onzas 200 Ml Original ,349.990,0,0,0,Hugo Boss
Locion Solo X 80ml.,119.000,0,0,0,Yanbal
Loción Dorsay Y Loción Cardigan,122.310,10,4.7,7,Ésika
Locion Perfume Dark Blue Hugo Boss 125 Ml,360.000,0,3.8,4,Hugo Boss
Locion Perfume Denim Musk 100ml ,177.000,0,0,0,Denim
Focco Discover + Jaque Yanbal,182.500,0,5.0,1,Yanbal
Lociones Ohm Black E Its You,152.000,0,0,0,Ésika
Perfume Locion Al Hamarainamber,420.000,0,0,0,Al Haramain
Perfume Locion Lacoste Magnetic Hombre 100ml Original,299.900,0,4.0,1,Lacoste
Loción 1881 De Cerruti Edt 100 Ml,191.150,0,0,0,Cerruti
Locion Ck In2 Hm,179.990,0,0,0,Calvin Klein
Perfume Loción Swiss Army  Mujer 100ml Original ,179.900,0,4.7,3,Victorinox
Perfume Pulso Esika X 100ml.,79.000,0,0,0,Ésika
Bath & Body Works In The Stars Loción Corporal Manteca De .,182.990,0,0,0,N/A
Perfume Loción Hugo Boss The Scent Hombre3.4 100ml Original ,323.900,0,5.0,3,Hugo Boss
Locion Perfume Hugo Boss The Scent 200ml Ulta,345.000,0,4.8,8,Hugo Boss
Locion Dancing- Night- Expressi,109.000,0,0,0,Ésika
Perfume Possess The Secrets Man,190.000,0,4.8,4,Oriflame
Loción Pulso Y Loción Leyenda Original - Esika,134.552,12,0,0,Ésika
Loción Zentro Blanca X 2 Hombre Yanbal Original ,221.000,0,4.0,8,Yanbal
"Lociones: Dancing Night, Dancing Y Prints ",88.560,18,5.0,1,Ésika
Perfume Locion Eternity Aqua Hombre 200ml Original,279.900,0,4.5,2,Calvin Klein
Set De Perfume Moschino Toy 2 Bubble Gum Edt 100 Ml + Loción,471.523,15,0,0,Moschino
Avon  Secret Attitude Crush ,26.900,0,4.9,12,Avon
 Fantasía Azul Infinito Ésika ,57.375,11,0,0,Ésika
Perfume Locion Lacoste L 12. 12 Hombre 100ml Original,299.900,0,4.2,5,Lacoste
Perfume A La Vida Yanbal Mujer,93.600,0,0,0,Yanbal
Locion Winner Sport+talco Esika,109.000,0,0,0,Ésika
"Loción, Perfume, Fragancia, Colonia Salvaje - Esika",56.900,0,0,0,Ésika
Locion Dorsay Class X 90ml. - Esika,79.000,0,0,0,Ésika
Locion Blue & Blue + Locion Blue & Blue.,70.900,0,0,0,Ésika
Locion Luminosa Encanto De Perlas Esika Dama Original,30.000,0,5.0,1,Ésika
Locion Aires Del Amazonas Mujer,55.300,0,0,0,Yanbal
Perfume Locion Jean Paul Caja ,190.000,0,3.5,4,Jean Paul Gaultier
Locion Altheus + Nitro,95.000,0,0,0,Ésika
Locion Luminosa Seda Y Oro Esika Dama Original,30.000,0,5.0,3,Ésika
Perfume Loción Rumba Mujer 100ml Original ,139.900,0,3.9,10,Ted Ladipidus
Perfume Locion Rose & Rose Mujer 90ml Original,399.900,0,0,0,Issey Miyake
Locion Perfume Aventus  10th Anniversary 100 Ml Edp,780.000,0,0,0,Creed
"Lociones: Mithyka, Dancing Night Y Limage",155.000,0,5.0,1,Ésika
Perfume Loción Versace Fraiche 6.7 Oz 200 Ml 200 Ml Original,379.990,0,0,0,Versace
Perfume Locion Hugo Boss The Scent Mujer 100ml Original,329.900,0,0,0,Hugo Boss
Locion Devos Magnetic X 2,210.000,0,0,0,Ésika
Locion Expression Colors Esika Dama Original,44.000,0,4.0,1,Ésika
Perfume Loción Pino Silvestre Hombre 125ml Original,109.900,0,0,0,Lino Vidal
Perfume Osadia Infinita Yanbal,96.200,0,4.6,5,Yanbal
"Perfume, Loción, Colonia Leyenda Absolute 100 Ml Esika ",70.000,0,4.9,7,Ésika
Perfume Forze Unlimited Cyzone,38.950,0,5.0,3,Cyzone
Locion Perfume Clinique Happy For Men. Original,175.816,29,4.8,5,Clinique
Lociones Dorsay + Winner Sport +nitro+ You,178.200,10,4.8,13,Ésika
Loción Fantasía Azul Infinito Y Loción Vibranza,91.900,0,0,0,Ésika
2 Perfumes Signature Sky Lbel,200.300,0,4.5,2,L'Bel
Perfume Locion The Golden Secret  Hombre 200ml Original ,139.900,0,3.7,6,Antonio Banderas
Loción Pulso Y Loción Magnat - Esika,149.000,0,0,0,Ésika
Locion Blue & Blue Y Locion Bleu Intense,135.000,0,0,0,Ésika
300 Km/h Virtual Adrenaline Men,39.900,0,0,0,Avon
Locion Perfume Denim Black Y A,197.000,0,0,0,Denim
Adrenaline Alegria + Gaia Mujer,179.200,0,4.4,7,Yanbal
Locion Dancing Night X 100ml. Cyzone,36.900,0,0,0,Brand not found
Colonia Homme 033 Lbel X 100ml.,105.000,0,4.8,4,L'Bel
Locion Cardigan + Locion Limage.,113.900,0,0,0,Ésika
Locion Grazzia,52.000,0,0,0,Ésika
Paquete X 4 Cremas Loción De Seda Dorada Yanbal Original,146.200,0,4.5,2,Yanbal
Perfume Locion Versace Dylan Blue Mujer 100ml Original,349.900,0,5.0,3,Versace
Loción Solo For Men X 2 Yanbal Original Caballero + Envio,190.700,0,0,0,Yanbal
Lociones Prints X 6 Unidades,130.380,18,4.7,3,Ésika
Perfume Locion Blue Seduction Antonio Banderas 6.7 Oz 200ml ,159.990,0,0,0,Antonio Banderas
Perfume Loción Tommy Hilfiger Tommy Girl 3.5 Onzas 100ml Ori,249.990,0,0,0,Tommy Hilfiger
Locion Dorsay + Winner Sport + Nitro + Solo.,259.000,0,5.0,2,Ésika
"Lociones: Dorsay, Nitro & Its You Live ",157.000,0,0,0,Esika Ebel
Perfume Locion/phantom +bols,300.000,0,0,0,Perfume
Perfume Loción Light Blue Intense Mujer 100ml Original ,397.700,3,0,0,Dolce & Gabbana
Victoria Secret Juego De Locion Y Bruma Perfumada Rosa,196.900,0,0,0,Pink Victoria Secret
Loción Ohm X 100ml.,129.000,0,0,0,Yanbal
Perfume Locion Amethyst Mujer 100ml Original,209.900,0,4.5,2,Lalique
Avon Lociòn Colonia Musk Freeze,29.999,0,4.3,6,Avon
Perfume Loción Jean Nate,72.000,0,0,0,Revlon
Locion Devos Magnetic Y Locion Homme 033,206.900,0,4.5,2,Ésika
Locion Impredecible - Liasson,132.000,0,0,0,Ésika
Perfume Locion Versace Versense Mujer 100ml Original,279.900,0,5.0,1,Versace
Locion Blue Y Blue Hombre,33.000,0,0,0,Ésika
Locion Cardigan X 90ml. - Esika,69.900,0,5.0,3,Ésika
Locion Perfume Fragancia Colonia Devos Magnetic,113.900,0,0,0,Ésika
Perfume Loción Carolina Herrera De 100 M.l.,343.202,0,4.3,8,Carolina Herrera
Locion Vanilla Scent Y Dancing,75.000,0,0,0,Ésika
4 Dancing Night Mujer Esika Original,131.300,0,4.7,3,Ésika
Locion Prints X 30ml. - Cyzone Esika,28.900,0,0,0,Ésika
"Perfume, Loción, Colonia Cielo 50 Ml Yanbal",90.000,0,4.8,26,Yanbal
Loción Dorsay Y Loción Vanilla Hombre,119.000,0,5.0,3,Ésika
Locion Its You Y Locion Blue & Blue,89.900,0,0,0,Ésika
Perfumero Recargable Para Loción Gold 15ml,32.290,5,0,0,Genericor
Osadia Infinita + Ohm Black ,196.400,0,3.3,3,Yanbal
Loción Temptation Original By Yanbal Para Hombre ,103.800,0,3.7,3,Yanbal
Loción Dancing Y Loción Dancing Night,70.900,0,0,0,Ésika
Loción Dorsay  Hombre Ésika Nueva Presentación,66.000,0,5.0,4,Ésika
Locion Its You 100ml Esika ,84.664,3,3.7,3,Ésika
Perfume Locion Versace Eros Mujer 100ml Original,389.900,0,5.0,1,Versace
Loción Náutica Voyage Hombre,144.900,0,0,0,Nautica
Locion Perfume Clinique Happy For Men. Original,175.816,29,4.8,5,Clinique
Lociones Dorsay + Winner Sport +nitro+ You,178.200,10,4.8,13,Ésika
"Perfume, Loción, Colonia Original Id 100 Ml Lbel",68.000,0,4.8,5,L'Bel
Fragancia Vanilla Hombre X 100ml. - Esika,53.900,0,4.4,5,Ésika
Locion Winner Sport Y Locion Blue & Blue,84.900,0,5.0,1,Ésika
Loción Xiss Mujer Yanbal Original,72.500,0,5.0,5,Yanbal
Loción Perfume Nautica Classic 100ml Original Garantizada,160.000,0,0,0,Nautica
Locion You + Dancing Night,89.900,0,0,0,Ésika
Loción Nueva Cielo Yanbal Mujer,99.900,0,4.8,31,Yanbal
Loción Dorsay Y Loción Its You,112.000,0,4.5,4,Ésika
Loción Ohm Y Loción Dorsay,222.000,0,0,0,Yanbal
Loción Expression Sens Y Loción Expression,99.000,0,0,0,Ésika
"Perfume, Loción, Colonia Jaque 75 Ml Yanbal",99.000,0,4.3,6,Yanbal
Perfume Loción Id Unisex L'bel,45.000,10,0,0,L'Bel
Locion Its You X 100ml.,49.900,0,0,0,Ésika
Magnetic Absolute + Dorsay Men,137.500,0,5.0,2,Ésika
Locion Devos Magnetic Y Locion Magnat,154.980,18,0,0,Ésika
Perfume Locion Nautica Voyage N-83 100ml Original ,129.900,0,0,0,Nautica
"Magnetic Absolute, Winner Sport",128.900,0,4.5,4,Ésika
2 Perfume Focco Discover Yanbal,154.200,0,0,0,Yanbal
Franela Gris Por Geoffrey Beene Para Hombres - 4 Oz Edt Spra,144.499,15,4.5,4,Geoffrey Beene
"Perfume, Loción, Colonia Kriska Alegría Natura 100 Ml",84.500,0,5.0,1,Natura
Locion Leyenda Y Locion Pulso,152.900,0,5.0,1,Ésika
Locion Bleu Intense Night Y Locion Blue & Blue,135.000,0,0,0,Ésika
Locion Expression Colors Esika Dama Original,44.000,0,5.0,1,Ésika
Arom Colonia Para Hombre By Yanbal Original,95.400,0,5.0,4,Yanbal
Perfume Loción Dolce & Gabbana The One 100ml Hombre Original,319.900,0,0,0,Dolce & Gabbana
Locion Solo Y Locion Cardigan + Envio Gratis,175.000,0,0,0,Ésika
Loción Pulso - Esika Y Loción Nitro - Cyzone,119.000,0,0,0,Ésika
Loción Pulso Y Loción Winner Sport,129.000,0,0,0,Ésika
Lociones Dendur Y Solo,265.000,0,0,0,Ésika
"Osadia Infinita, Temptation Her",172.000,0,0,0,Yanbal
Perfume Adrenaline Alegria,77.500,0,5.0,1,Yanbal
Locion You 50ml Esika Original,55.000,0,5.0,2,Ésika
"Perfume, Loción, Colonia Mithyka Lbel 50 Ml",60.100,0,5.0,2,L'Bel
Perfume Locion 212 Heroes+,300.000,0,0,0,Perfume
Loción Hombre Amaderado Cítrico,69.300,23,0,0,BoxMarcas
Locion Salvaje X 100ml. - Esika,56.900,0,0,0,Ésika
Loción Fantasía Azul Infinito X 50 Ml,44.900,0,0,0,Ésika
Locion Bleu Intense X 100ml + Locion Blue & Blue X 75ml. ,135.000,0,0,0,Ésika
Lociones Ohm Y Homme 033,249.000,0,0,0,Ésika
Locion Dorsay + Locion Prints.,96.900,0,0,0,Ésika
"Franela Gris De Geoffrey Beene Para Hombre, 8 Oz Edt Splash",121.683,15,0,0,Geoffrey Beene
Loción De Seda + Perlas Rosas Yanbal. - Ml A $114,59.900,0,5.0,2,Yanbal
"Perfume, Loción Dulce Vanidad 50 Ml Yanbal",65.000,0,5.0,1,Yanbal
Locion Perfume Frqagancia Colonia Exus X 100ml.,70.900,0,0,0,Ésika
Perfume Loción Old School Men,70.990,0,4.0,2,Old School
Loción Perfume One Million 100ml Original Garantizada,280.000,0,4.0,2,Paco Rabanne
Magnetic Absolute + Winner Tech,149.800,0,5.0,2,Ésika
Loción Dancing Night Cyzone90m ,28.700,44,0,0,Cyzone
Locion Perfume Clinique Happy For Men. Original,175.816,29,4.8,5,Clinique
Lociones Dorsay + Winner Sport +nitro+ You,178.200,10,4.8,13,Ésika
Locion Perfume Fragancia Colonia Dorsay X 90ml.,69.900,0,4.7,3,Ésika
Loción Ohm Azul + Gaia Original Yanbal + Envío Gratis,202.800,0,5.0,1,Yanbal
Locion Acqua De Gio ,411.446,0,3.9,15,Giorgio Armani
Locion Liasson Y Satin Rouge,168.900,0,0,0,Ésika
Osadia Infinita + Solo Yanbal,184.600,0,5.0,1,Yanbal
Locion Bifasica Tropical Vibes,35.300,0,4.0,1,Cyzone
Setx2 Locion Perfumada Far Away,36.000,0,5.0,1,Avon
Loción Leyenda Y Loción Solo,185.000,0,0,0,Yanbal
Locion Vibranza - Impredecible,109.000,0,0,0,Ésika
Perfume Gaia + Dulce Amistad,147.100,0,4.6,382,Yanbal
3 Perfumes Kromo Fire Esika Men,208.900,0,0,0,Ésika
Vibranza + Blanc + Addiction,170.800,0,5.0,1,Ésika
Locion F Ferragamo ,189.900,0,0,0,Salvatore Ferragamo
"Perfume, Loción, Colonia Liberatta Parfum Yanbal 50 Ml",120.000,0,4.3,3,Yanbal
Loción De Seda Rosa Musk Yanbal,28.900,0,0,0,Yanbal
Locion Salvaje Esika,49.900,0,0,0,Ésika
"Perfume, Loción. Colonia, Fragancia Magnat Select X 90ml.",88.900,0,4.7,11,Ésika
Loción Bleu Intense Y Loción Blue & Blue,135.000,0,0,0,Ésika
Locion Blue & Blue Y Locion Dorsay,109.000,0,5.0,2,Ésika
Locion Blue Y Blue Y Locion Nitro Air,85.900,0,0,0,Cyzone
Locion Devos Magnetic Y Locion Dorsay,169.000,0,0,0,Ésika
Locion Bifasica Magic Moonlight,35.300,0,0,0,Cyzone
"Perfume, Loción, Colonia Ohm De Yanbal 100 Ml",119.900,0,4.5,2,Yanbal
Perfume Locion Tous Bonjour Señorita Mujer 90ml Original,252.103,3,5.0,2,Tous
Perfume Loción Givenchy Blue Label Hombre 100ml Original,299.000,0,3.4,5,Givenchy
Loción Mithyka Promoción X 2 Unidades,104.300,30,0,0,Ésika
Locion Dorsay Infinite Y Locion Dorsay,149.900,0,5.0,1,Ésika
Locion Fantasia Azul Infinito X 50ml.- Esika,42.000,0,0,0,Ésika
"Perfume, Loción, Colonia Homme 033 Lbel Original",90.000,0,4.4,5,L'Bel
Perfumero Recargable Para Loción Atom Negro - L A $27990,35.140,5,4.0,1,Genericor
Gaia Femenina + Arom Element,182.200,0,0,0,Yanbal
Perfume Locion Le Laboo ,500.000,0,0,0,Perfume
Loción Liga Del Dólar Abundanci,20.500,0,0,0,Liga del dolar
Loción Perfume Beverly Hills 273 Rodeo Drive For Men 75 Ml ,149.900,0,5.0,1,Beverly hills
Locion Perfume Paris H Clasico,211.120,20,5.0,2,Paris Hilton
Loción Girlink X 50ml. - Cyzone,42.900,0,0,0,Cyzone
Loción Magnat Select Y Loción Vibranza,165.000,0,0,0,Ésika
Loción Expression Sens Y Loción Red Intense ,119.000,0,0,0,Ésika
"Lociones: Nitro, Expression Y Expression Sens",129.000,0,0,0,Ésika
Loción Limage Y Loción Expression,102.000,0,5.0,1,Ésika
Imari Eclipse Loción Perfumada ,9.470,0,4.0,2,Avon
4 Lociones Mujer Cyzone Sweet,146.200,0,5.0,4,Cyzone
Loción Para Después Del Afeitado Calvin Klein Euphoria Men 1,665.455,15,5.0,1,Calvin Klein
Atomizador Recargable Porta8 Ml,16.149,5,0,0,Genérica
Perfume Locion Holliwood  100ml Original,139.900,0,5.0,2,Fred Hayaman
Perfume Locion Halloween  Blue Drop  Mujer 100ml Original,189.900,0,4.7,3,Jesús del Pozo
Perfume Locion Pasha De Cartier Noire Hombre 100ml Original,347.900,0,5.0,4,Cartier
Locion Girlink X 50 Ml,34.900,0,0,0,Brand not found
Locion Perfume Clinique Happy For Men. Original,175.816,29,4.8,5,Clinique
Lociones Dorsay + Winner Sport +nitro+ You,178.200,10,4.8,13,Ésika
Signature + Signature Sky Lbel,200.300,0,0,0,L'Bel
Dorsay Y Winner Sport,120.900,0,0,0,Ésika
Loción Reluciente Cherry Blossom De Loccitane Women 84,191.649,0,0,0,L'Occitane
Locion Prints 30ml. - Cyzone,29.000,0,0,0,Ésika
Locion Comando Force Xplash  ,33.874,11,5.0,1,Ésika
Perfume Locion... Lady Million+,290.000,0,5.0,3,Perfume
Perfume Cardigan,69.900,0,0,0,Ésika
Locion Nitro Intense X 2 - Promocion,79.000,0,0,0,Ésika
Locion Perfume Versace Absolu Dama 90 Ml La Riviera,350.000,0,5.0,1,Versace
Perfume Locion Viktor & Rolf Flowerbomb Mujer 100ml Original,499.900,0,0,0,Viktor&Rolf
Loción Perfume Brut Colonia Eau,89.000,0,0,0,Brut
Perfume Arom Element Yanbal,97.700,0,0,0,Yanbal
Ainnara In Bloom + Nitro Negra,77.400,0,5.0,1,Cyzone
2 Perfume Nitro Adventure Cy,91.200,0,0,0,Cyzone
2 Sweet Black Exclusive Cyzone,72.700,0,0,0,Cyzone
Loción Agua Brava Hombre 200m,116.900,0,4.0,2,Antonio Puig
Possess Man Loción Oriflame,190.000,0,0,0,Oriflame
Perfume Calvin Klein Obsession Edp 100 Ml Con Loción Corpora,262.380,14,0,0,Calvin Klein
Perfume Loción Colonia 3oo Km H Avon. Negro Naranja,59.990,0,4.7,3,Avon
Perfume Loción Mujer Ilia Clásica Producto Natura Original,119.900,0,5.0,3,Natura
Perfume Locion Lacoste Sparkling De 90ml,280.000,0,0,0,Lacoste
Loción Perfume Paris Hilton For Men,186.124,24,0,0,Paris Hilton
12 Perfumes Lociones 100 Ml,124.875,25,0,0,Inspírations
"Perfume, Loción, Colonia Humor A Dois Natura 75 Ml",80.000,0,0,0,Natura
Perfume Locion Colonia  Fragancia Nitro - Esika Cyzone,34.900,0,0,0,Cyzone
Locion Salvaje Y Locion Leyenda,119.000,0,5.0,1,Ésika
Locion Magnat Y Locion Magnat Select,168.900,0,5.0,3,Ésika
Loción Corporal Victorias Secret Bare Vanilla Para Mujer 240,133.091,15,0,0,Victoria's Secret
Loción Aromática Victoria's Secret Bombshell Seduction 250 M,163.512,14,0,0,Victoria's Secret
Locion Perfumada Hidratante Cco,27.999,0,0,0,Yanbal
Loción Adrenaline Yanbal Mujer,80.300,0,5.0,4,Yanbal
"Set Kit Perfume, Loción Imari Avon",60.100,0,0,0,Avon
"Perfume, Loción, Colonia  Temptation Mujer 50 Ml Yanbal",90.000,0,5.0,7,Yanbal
"Perfume, Loción, Colonia Exus 100 Ml Esika Original",64.000,0,4.8,4,Ésika
"Perfume, Loción, Colonia Limage 50 Ml Ésika Original",60.100,0,5.0,2,Ésika
Locion Amarra Hombres Rfe. 231,29.900,0,0,0,Amor amor
"Perfume, Loción, Colonia Dulce Amistad Yanbal 50 Ml",68.000,0,5.0,1,Yanbal
Perfume Locion Pasha De Cartier Hombre 100ml Original,349.900,0,5.0,1,Cartier
"Lociones: Cardigan, Winner Sport Y Dorsay",179.000,0,0,0,Ésika
Locion Dorsay Y Locion Limage Radiant - Esika,123.900,0,0,0,Ésika
Locion Solo Y Locion Bleu Intense + Envio Gratis,210.000,0,0,0,Brand not found
Locion Leyenda Y Locion Winner Sport,119.000,0,4.0,1,Ésika
Locion Its You Y Locion Dorsay,112.900,0,4.5,2,Ésika
Locion Bleu Intense Night Y Locion Leyenda,169.000,0,0,0,Ésika
2 Lociones Aires Del Amazonas,111.800,0,0,0,Yanbal
"Perfume, Loción, Colonia Exus De Esika 100 Ml",60.100,0,0,0,Ésika
"Perfume, Loción, Colonia Winner Sport 100 Esika Original",60.100,0,4.7,10,Ésika
"Perfume, Loción, Colonia Musk Cologne For Men 100 Ml Yanbal",75.000,0,4.8,11,Yanbal
Locion Perfume Clinique Happy For Men. Original,175.816,29,4.8,5,Clinique
Lociones Dorsay + Winner Sport +nitro+ You,178.200,10,4.8,13,Ésika
"Perfume, Loción, Colonia, Dendur 75 Ml Yanbal Original",90.000,0,4.7,152,Yanbal
Perfume Loción Girl Mujer 100ml,340.000,0,0,0,Guess
"Perfume, Loción, Colonia Today Mujer Para Ella 50 Ml Avon",70.000,0,0,0,Avon
Loción Expression Y Loción Limage,97.000,0,0,0,Ésika
"Perfume, Loción, Colonia Mithyka 50 Ml Lbel Original",61.000,0,4.5,2,L'Bel
Loción Pulso Y Loción Leyenda Original - Esika,152.000,0,4.7,3,Ésika
Perfume Locion Ab Spirit Millionaire Mujer 100ml Original,99.900,0,5.0,1,Lomani
Perfume Bela + Crema Locion Perfumada Esika,86.000,0,0,0,Ésika
Locion Fantasia Azul Infinito - Blue & Blue,78.900,0,0,0,Ésika
Locion Fantasia + Vibranza,96.000,0,4.0,1,Ésika
Locion Perfume Hugo Boss Bottle,320.000,0,0,0,Hugo Boss
24 Perfumes Lociones 100 Ml,239.686,26,0,0,Inspírations
"Perfume, Loción Bleu Acqua Lbel 100 Ml",90.000,0,0,0,L'Bel
Loción Shield Pour Homme Caballero 100 Ml,129.900,0,0,0,Emper
Loción Expression X 50ml. - Esika Nueva Presentación,42.900,0,4.3,3,Ésika
Loción Pulso Y Loción Its You - Esika,125.900,0,0,0,Ésika
Loción Exus Y Loción Its You,110.900,0,0,0,Ésika
Loción Exus Y Loción Solo,180.000,0,4.0,2,Ésika
Colonia Locion Perfume Wild Country 100ml Avon,39.900,0,4.7,83,Avon
Loción Winner Sport Y Loción Dancing Night,84.900,0,0,0,Ésika
Loción Its You Y Loción Expression,95.900,0,0,0,Ésika
Loción Dancing Y Loción  Fantasía Azul Infinito,78.900,0,5.0,1,Ésika
Locion Devos Magnetic Y Locion Pulso,188.900,0,0,0,Ésika
Perfume Expression X 50ml.- Esika,39.900,0,5.0,1,Ésika
Locion Cardigan + Locion Expression.,102.900,0,0,0,Ésika
"Perfume, Loción, Colonia Ccori Cristal Rosé 50 Ml Yanbal",99.000,0,3.3,4,Yanbal
Magnetic Absolut Dorsay Inspire,149.800,0,0,0,Ésika
"Loción Corporal Bath And Body Works A Thousand Wishes, 8 Onz",121.683,15,4.0,1,Bath & Body Works
Perfume Locion L' Eau D' Issey Mujer 100ml Original,299.900,0,4.2,5,Issey Miyake
Locion Dancing Sunset Cyzone90m,51.700,0,0,0,Cyzone
Perfume Bleu Nig Leyenda Prints,207.000,0,0,0,Ésika
Loción Bleu Intense Y Loción Winner Sport,145.000,0,5.0,1,Ésika
Loción Dancing Night Y Loción Red Intense,94.900,0,0,0,Ésika
Locion Cardigan Y Locion Vanilla,119.000,0,5.0,1,Ésika
Locion Pulso X 100ml - Esika,75.000,0,0,0,Ésika
Locion Girlink Y Desodorante Esika- Girlink ,47.900,0,5.0,1,Cyzone
Locion The Man X3 Cyzone Original,116.700,0,5.0,1,Cyzone
Locion Vibranza Y Satin Rouge,135.000,0,0,0,Ésika
Locion Fantasia Azul Infinito Y Satin ,115.000,0,0,0,Ésika
Loción Dancing Cyzone Dia 90 Ml,51.700,0,4.8,16,Cyzone
3 Perfumes Arom Element Yanbal,267.000,0,0,0,Yanbal
Perfume Locion Clinique Happy Mujer 100ml Original,179.900,0,0,0,Clinique
Colombia Ella Dupree Locion Set Crema +,83.000,0,0,0,Duprée
"Winner Sport , Dancing Y Girlin",119.900,0,0,0,Ésika
Ccori Loción Perfumada Yanbal Original,24.000,0,5.0,1,Yanbal
"Perfume, Loción Ccori 50 Ml Yanbal Original",90.000,0,0,0,Yanbal
"Perfume, Loción, Colonia Emouv 50 Ml Lbel",34.000,0,4.5,2,L'Bel
"Perfume, Loción, Colonia Salvaje For Men Esika 90 Ml",49.000,0,0,0,Ésika
Locion Perfume Clinique Happy For Men. Original,175.816,29,4.8,5,Clinique
Lociones Dorsay + Winner Sport +nitro+ You,178.200,10,4.8,13,Ésika
Yanbal Loción Perfumada Ícono,22.230,10,0,0,Yanbal
Loción Posh In Paradise Para Mujer 100 Ml,129.900,0,0,0,Camara
Loción Perfume Brut Colonia Eau De Colo - Ml,85.000,0,0,0,Brut
Loción Exus Y Loción Magnat,145.900,0,0,0,Ésika
Loción Dancing Y Loción Limage ,94.000,0,0,0,Ésika
"Lociones : Its You, Dancing Y Dancing Night ",109.650,15,0,0,Ésika
Locion Bleu Intense Night + Locion Dancing Night.,125.000,0,0,0,Ésika
Locion Luminosa Seda Y Oro Esika Dama Original X3,85.700,0,5.0,2,Ésika
Loción Magnat Select Yloción Magnat - L A $319,169.000,0,0,0,Ésika
Locion Impredecible Y Locion Fantasía Azul Infinito,95.000,0,5.0,1,Ésika
Perfume Locion Daisy Marc Jacobs Mujer 100ml Original,358.803,3,5.0,3,Marc Jacobs
Locion Liasson Y Expression,118.000,0,0,0,Ésika
Locion Dorsay +nitro +cardigan,154.160,6,0,0,Ésika
Locion Exus + Vanilla,108.000,0,4.5,2,Ésika
Focco Discover + Adrenaline ,157.100,0,5.0,5,Yanbal
Loción Dulce Vanidad Original Yanbal,78.900,0,0,0,Yanbal
Loción Tous Baby 100ml ,181.900,0,5.0,1,Tous
Loción Perfume Wild Country,38.000,0,5.0,2,Avon
Tabú Loción Perfume Colonia X12,195.990,0,0,0,Tabu
Loción Pulso Y Loción Magnat Select - Esika,155.000,0,0,0,Ésika
Locion Salvaje Y Locion Winner Sport,105.900,0,5.0,1,Ésika
Locion Nitro Intense Y Locion Magnat Select,134.900,0,0,0,Ésika
"Lociones: Its You, Dancing Night Y Girlink ",118.000,0,5.0,1,Ésika
Locion Winner Sport X 100ml.-esika,48.900,0,0,0,Ésika
Lociones Ohm Black Y Dorsay,222.000,0,0,0,Ésika
Lociones Ohm Black Y Vanilla,199.000,0,0,0,Ésika
Perfumero Recargable Para Loción Ato ,47.990,0,0,0,Genericor
Perfumero Recargable Para Loción Colo - L A $29990,32.990,0,0,0,Genericor
Osadia Infinita + Ohm Yanbal,196.400,0,0,0,Yanbal
3 Perfume Nitro Adventure Cy,127.800,0,0,0,Cyzone
Set Mithyka Elixir Lumiere Rose,272.800,0,0,0,L'Bel
Mithyka Rose + Mithyka Lumiere,137.600,0,0,0,L'Bel
Loción Mujer Miss Giordani Oriflame,85.500,5,0,0,Oriflame
Combo 24 Perfumes Lociones ,210.102,26,0,0,Inspírations
Perfume Locion Mont Blanc Leged,290.000,0,0,0,Unica
Loción Perfume For Men Camera For Max - Ml,147.800,0,0,0,Max Deville Paris
Locion Perfume Tommy 1.7oz,157.000,0,0,0,Tommy
Perfume Loción Para Mujer 50ml Concentrado 100% ,31.900,0,0,0,Elixir
"Perfume, Loción, Colonia Gaia 50 Ml Yanbal",99.000,0,5.0,4,Yanbal
Yanbal Loción Perfumada Ícono,23.959,3,0,0,Yanbal
Splash My Little Secret Body Mist,55.000,0,0,0,Beauty Creations
Loción Magnat Select Y Loción Winner Sport,132.900,0,4.7,3,Ésika
Loción Pulso Y Loción Dorsay Class - Esika,152.900,0,0,0,Ésika
Locion Perfume Fragancia Colonia Nitro Air,46.900,0,0,0,Ésika
Locion Nitro Intense X 100ml.,37.900,0,0,0,Ésika
Locion Winner Sport Y Locion Its You,99.000,0,5.0,1,Ésika
Locion Winner Sport Y Locion Vanilla,99.000,0,5.0,1,Ésika
Locion Leyenda Y Locion Magnat,155.000,0,0,0,Ésika
Locion Perfume Clinique Happy For Men. Original,175.816,29,4.8,5,Clinique
Lociones Dorsay + Winner Sport +nitro+ You,178.200,10,4.8,13,Ésika
"Lociones: Satin Rouge, Expression Y Dancing",164.000,0,0,0,Ésika
Loción Satin Rouge Y Loción Mithyka,159.900,0,0,0,Ésika
Locion Dorsay + Locion Expression Sens. ,119.000,0,0,0,Ésika
Loción Cardigan + Desodorante Cardigan - Esika ,75.900,0,0,0,Ésika
"Perfume, Loción, Colonia Dulce Vanidad 50 Ml Yanbal",68.000,0,5.0,3,Yanbal
Locion Dancing Night Y Desodorante Esika- Dancing Night ,30.900,0,0,0,Cyzone
Locion Mia X 45 Ml.- Esika,86.900,0,0,0,Ésika
Loción In Love 50 Ml Cyzone,63.923,3,0,0,Cyzone
Perfume Mia Sensual Night X3,215.700,0,5.0,1,Ésika
2 Perfumes Adrenaline Alegria,148.500,0,0,0,Yanbal
Loción Corporal Calvin Klein Ck One Unisex 250ml,205.341,14,0,0,Calvin Klein
Combo 27 Perfumes Lociones - Ml,228.458,26,0,0,Inspírations
Yanbal Gaia Gaïa Perfume 50 ml para mujer,75.000,0,4.6,235,Yanbal
Perfume Con Feromonas Puras Hombre Loción Atrae Mujeres 60ml,29.940,50,4.3,6,Essentia Magnetic®
Perfumeros Recargables Atomizador Pequeño Spray Para Locion,7.990,0,4.1,15,Marmau
Loción Antisudoral Disidrol 60ml,30.210,5,5.0,5,Kosmaderm
Perfume Feromonas Puras Hombre Loción Atrae Mujeres Vidrio,39.920,20,0,0,atraccion
Loción Uomo De Moschino Edt 125 Ml,204.000,0,0,0,Moschino
Perfumeros Recargables Atomizador Pequeño Spray Para Locion,13.775,5,3.7,29,Marmau
Victorias Secret Crema Loción Velvet Petals 236ml Original,90.000,0,0,0,Victoria's Secret
Pompeia Loción. Tradicionales 3.3 oz Botella Importado De Fr,146.900,0,5.0,1,Genérica
Locion Blue & Blue Hombre,72.900,0,0,0,Cyzone
Loción Acqua Essenziale De Salvatore Ferragamo Edt 100 Ml,280.000,0,0,0,Salvatore Ferragamo
Perfume Paco Rabanne Lady Million Edp 80 Ml + Loción Corpora,692.074,14,0,0,Paco Rabanne
Perfume Locion Ck One Shock Hombre 200ml Original,189.900,0,4.9,7,Calvin Klein
Perfume Loción Jean Nate,74.000,0,5.0,2,Revlon
"Perfume, Loción Ilia Clásico Natura Eau De Parfum 50 Ml",86.500,0,0,0,Natura
Perfumero Recargable Para Loción Atomizador ,39.990,0,0,0,Genericor
"Perfume, Loción Kaiak O2 Masculino Natura 100 Ml",84.000,0,0,0,Natura
Loción In Love X 50ml. - Cyzone,39.000,0,0,0,Cyzone
Fragancia Salvaje X 90ml,56.900,0,4.5,2,Ésika
Locion Salvaje Y Locion Solo,153.900,0,0,0,Ésika
Loción Magnat Select Y Loción Expression,119.900,0,0,0,Ésika
Locion Perfume Fragancia Colonia Dorsay X 90ml.,58.900,0,0,0,Ésika
Loción Mithyka Y Loción Vibranza,155.000,0,0,0,Ésika
Loción Satin Rouge Y Loción Limage ,135.900,0,5.0,1,Ésika
Loción In Love Y Loción Fantasía Azul Infinito ,78.900,0,0,0,Ésika
Locion Winner Sport + Nitro + Limage,139.900,0,5.0,3,Ésika
Locion Its You Y Locion Nitro,99.000,0,0,0,Ésika
Locion Bleu Intense Night X 100ml + Locion Blue & Blue  75ml,125.000,0,0,0,Ésika
Lociones Arom Y Solo,255.000,0,0,0,Ésika
Perfume Mia Sensual Night Esika,75.800,0,5.0,3,Ésika
2 Perfume Autentik Cyzone Mujer,78.500,0,4.0,1,Cyzone
"Mithyka Elixir, Mithyka Lumiere",156.100,0,0,0,L'Bel
Dancing + Sweet Black Exclusive,72.700,0,0,0,Cyzone
3 Sweet Black Exclusive Cyzone,100.600,0,0,0,Cyzone
"Loción Para Después Del Afeitado Versace Eros, 3.4 Onzas Líq",250.972,14,0,0,Versace
Perfume Victoria's Secret Velvet Petals Mist 250 Ml Y Loción,231.959,15,0,0,Victoria's Secret
Locion Perfume Clinique Happy For Men. Original,175.816,29,4.8,5,Clinique
Lociones Dorsay + Winner Sport +nitro+ You,178.200,10,4.8,13,Ésika
Loción Perfume Paris Hilton For Men,196.273,23,4.0,1,Paris Hilton
Loción Iluminas Prismaticesika ,85.700,0,0,0,Ésika
Locion Desafiant + Pulso,149.000,0,5.0,1,Ésika
Perfumero Recargable Con Estilo,60.000,0,0,0,Obattys
Set De Regalo Perfume Y Loción Good Gi - Ml A $8849,1.001.900,0,0,0,Carolina Herrera
Locion Nitro+desodorante Cyzone,73.623,3,0,0,Cyzone
Loción Blue And Blue X 75ml. Dama - Cyzone,32.900,0,5.0,1,Cyzone
Loción Magnat Y Locion Dorsay - Esika,149.900,0,4.0,1,Ésika
Loción Exus Y Loción Salvaje,115.900,0,0,0,Ésika
Loción Magnat Select X 90ml. - Esika,88.900,0,4.5,2,Ésika
Loción In Love X 50 Ml,34.900,0,0,0,Cyzone
Locion Solo Y Locion Blue & Blue + Envío Gratis,157.000,0,0,0,Ésika
Loción In Love Y Loción Satin Rouge ,119.000,0,0,0,Ésika
Loción Limage Y Loción Dancing Night ,99.000,0,0,0,Ésika
"Lociones: Dorsay, Winner Sport Y Dancing Night ",142.900,0,4.5,2,Ésika
Locion Devos Magnetic Y Locion Winner Sport,157.000,0,5.0,1,Ésika
Locion Its You Y Locion Magnat Select,139.000,0,0,0,Ésika
Locion Its You Y Locion Vanilla,105.900,0,0,0,Ésika
Locion Mithyka Zaffyr Y Locion Expression ,150.000,0,0,0,Ésika
Locion Cardigan Y Locion Pulso,138.000,0,0,0,Ésika
Locion Vanilla X 100ml. - Esika,49.900,0,0,0,Ésika
Locion Bleu Intense Night + Locion Limage.,145.000,0,0,0,Ésika
Lociones Ohm Black Y Leyenda,219.000,0,0,0,Ésika
"Lociones: Dorsay, Nitro Y Nitro Air",139.000,0,4.0,1,Esika Ebel
Locion Dancing Y Desodorante  Esika - Dancing Night,43.900,0,0,0,Cyzone
Locion  Perfume Winner Sport + Cardigan,119.990,0,4.7,31,Ésika
Locion The Man X2 Cyzone Original,77.800,0,5.0,1,Cyzone
"Lociones: Dancing, Dancing Night Y Nitro ",105.000,0,0,0,Cyzone
Locion Fantasia Azul Infinito Y Mithyca,114.900,0,0,0,Ésika
Osadia Dama + Arom Element ,160.800,0,0,0,Yanbal
Perfume Locion Pleasures 100ml ,369.000,0,0,0,Estée Lauder
Perfume Y Loción Victoria's Secret Bare Mini,254.774,15,0,0,Victoria's Secret
"Perfume, Loción Dendur Destiny Yanbal 75 Ml",99.000,0,0,0,Yanbal
Loción Niño Tous Kid Boy Niños 100 Ml,172.669,0,0,0,Tous
Perfume Guess Guess Seductive Red Edt 75 Ml Con Loción Corpo,277.590,14,0,0,Guess
"Set Kit Perfume, Loción Humor Liberta Natura 75 Ml",110.000,0,0,0,Natura
Loción Winner Sport De Esika,70.000,0,5.0,1,Ésika
Loción Inebriante Hnd X 100 Ml,215.000,0,4.7,38,Hinode
Tabú Loción Perfume Colonia X3 ,81.900,0,5.0,1,Tabu
"Perfume, Loción, Colonia Horus Azul Marine Natura 100 Ml",67.000,0,4.0,1,Natura
Perfume Loción Kaiak Urbe Spray,86.500,0,0,0,Kaiak
Locion Fiesta Poced Floral Frut,67.000,0,0,0,Poced
Loción Hombre Soul Focus Oriflame,92.150,3,0,0,Oriflame
"Perfume, Loción Bleu Intense Lbel 100 Ml",58.000,0,0,0,L'Bel
"Perfume, Loción, Colonia Nitro Air Cyzone 100 Ml",35.000,0,0,0,Cyzone
"Perfume, Loción Imari Naturelle Avon 50 Ml",28.000,0,0,0,Avon
Perfumero Recargable Atomizador Portable Spray Para Locion,9.900,0,4.3,44,n/a
Fragancia Hombre 100 Ml Glacier,96.000,0,0,0,Oriflame
Locion Perfume Clinique Happy For Men. Original,175.816,29,4.8,5,Clinique
Lociones Dorsay + Winner Sport +nitro+ You,178.200,10,4.8,13,Ésika
Lociones: Solo X 80ml. + Dorsay X 100ml.,186.000,0,5.0,2,Ésika
Loción Magnat Y Loción Winner Sport,132.900,0,5.0,1,Ésika
Loción Dorsay Y Loción Solo ,179.000,0,0,0,Ésika
Loción Nitro Air Y Loción Winner Sport,94.900,0,0,0,Ésika
Locion Pulso X 100ml. - Promo X 2 Unidades + Envío Gratis,146.610,10,0,0,Ésika
Locion Pulso Y Locion Exus,138.000,0,0,0,Ésika
Locion Salvaje Y Locion Blue & Blue,85.900,0,0,0,Ésika
Locion Magnat Y Locion Pulso,155.000,0,0,0,Ésika
Locion Expression X 50ml.,39.900,0,0,0,Ésika
Locion Devos Magnetic Y Locion Blue & Blue,142.900,0,0,0,Ésika
Locion Mithyka Zaffyr Y Locion Fiori,160.000,0,0,0,Ésika
Lociones Zentro Y Salvaje,168.900,0,0,0,Ésika
Locion Dorsay + Locion Mithyka.,150.000,0,0,0,Ésika
Lociones Arom Absolut Y Pulso,230.000,0,0,0,Ésika
"Lociones: Dorsay, Nitro Y Solo",215.900,0,0,0,Esika Ebel
Loción Magnat + Desodorante Magnat - Esika ,94.900,0,0,0,Ésika
Perfume Locion Dolce Gabbana Pour Femme Edp 100 Ml,381.900,0,5.0,1,Dolce & Gabbana
Locion Liasson Y Mithyca,149.000,0,0,0,Ésika
4 Perfumes Nitro Adventure Men,167.700,0,0,0,Cyzone
3 Perfume Mithyka Lumiere Lbel,214.900,0,0,0,L'Bel
Winner Sport + Forze Unlimited,89.100,0,5.0,1,Ésika
Loción Corporal Calvin Klein Ck One Unisex 250ml,167.315,14,0,0,Calvin Klein
"Set De Regalo Perfume Guess Girl De Guess Para Mujer, 100 Ml",231.959,15,0,0,Guess
Loción Corporal Victoria's Secret Love Spell Para Mujer 236,136.894,14,0,0,Victoria's Secret
Perfume Narciso Rodriguez For Her Edt 50 Ml Con Loción Corpo,467.720,15,0,0,Narciso Rodriguez
Perfume Burberry Her De 50 Ml Con Loción Corporal De 75 Ml,490.369,15,0,0,Burberry
"Perfume, Loción Soft Musk Vanilla Avon 50ml",41.613,3,5.0,1,Avon
Yanbal Loción Perfumada Ícono,23.959,3,0,0,Yanbal
Perfume Locion The One Dolce & Gabbana Importado La Riviera,381.229,0,0,0,Dolce & Gabbana
Loción Body Spa Kids Colonia Para Niñas Yanbal,39.800,0,5.0,2,Yanbal
Perfume Loción Blue Seduction Mujer 200ml Original,139.900,0,4.0,1,Antonio Banderas
Perfume Loción The Scent Privat Accord Mujer 100ml Original,329.900,0,4.5,2,Hugo Boss
Locion Dorsay + Nitro + Exus,152.900,0,5.0,1,Ésika
Tabú Loción Perfume Atracción O,21.900,0,0,0,Tabu
Tabú Loción Perfume Colonia X3,82.900,0,0,0,Tabu
"Perfume, Loción Osadía Mujer Yanbal 50 Ml",79.000,0,0,0,Yanbal
Locion Dorsay Y Exus X 100ml.,135.900,0,0,0,Ésika
Locion Solo Y Locion Nitro - Envío Gratis,149.000,0,0,0,Ésika
Loción Magnat Y Loción Homme 033,179.900,0,0,0,Ésika
Loción Pulso Y Loción Cardigan De Esika,135.900,0,0,0,Ésika
Loción Dancing X 100ml. X 4 Unidades,139.000,0,0,0,Ésika
Nitro X 100ml. Y Loción Its You X 100ml. - Esika,99.000,0,0,0,Ésika
Loción Dorsay Y Loción Leyenda,142.900,0,4.0,1,Ésika
Loción Nitro Air Y Loción Magnat Select,135.900,0,0,0,Ésika
Locion Homme 033 Y Locion Bleu Intense,210.000,0,0,0,Hombre
Locion Homme 033 Y Locion Magnat Select,189.900,0,0,0,Ésika
Locion Exus Y Locion Blue & Blue,99.000,0,0,0,Ésika
Locion Dorsay X 90ml. - Esika,69.900,0,0,0,Ésika
Locion Perfume Clinique Happy For Men. Original,175.816,29,4.8,5,Clinique
Lociones Dorsay + Winner Sport +nitro+ You,178.200,10,4.8,13,Ésika
Locion Winner Sport Y Locion Homme 033,157.000,0,4.7,3,Ésika
Loción Nitro Y Loción Expression,70.900,0,0,0,Ésika
Loción Dorsay Y Loción  Girlnk,105.000,0,0,0,Ésika
Locion Solo Y Locion Leyenda + Envío Gratis,186.000,0,0,0,Ésika
Locion Cardigan Y Locion Solo,175.000,0,0,0,Ésika
Loción Fiori Y Loción Limage,113.000,0,5.0,1,Ésika
Loción Fantasía Azul Infinito Y Loción Girlink ,84.900,0,0,0,Ésika
"Lociones: Nitro, Expression Sens Y Dancing Night.",128.000,0,0,0,Ésika
Locion Mithyka Zaffyr Y Locion Blue & Blue,149.000,0,0,0,Ésika
Perfume  Dancing X  90ml.,36.900,0,0,0,Ésika
Lociones Ohm Y Bleu Intense Night,246.900,0,0,0,Ésika
"Perfume, Loción, Colonia Arom Absolut 90 Ml Yanbal Original",94.000,0,4.6,8,Yanbal
Lociones: 1 Prints + 2 Dancing ,86.900,0,0,0,Cyzone
Locion Dorsay + Desodorante Dorsay Class ,70.900,0,0,0,Ésika
"Perfume, Loción, Colonia Dancing Night 90 Ml Cyzone ",35.000,0,4.8,5,Cyzone
2 Ainnara In Bloom Cyzone Mujer,77.400,0,0,0,Cyzone
3 Perfumes Signature Sky Lbel,296.100,0,0,0,L'Bel
Adrenaline Alegria + Ohm Yanbal,182.900,0,0,0,Yanbal
Locion Perfumada Lov U X 90 Ml,24.153,3,0,0,Avon
Loción Colonia After Shave Faberge Brut Classic Envio Inmedi,89.990,0,0,0,Brut
"Perfume, Loción, Colonia, Expression 50 Ml Esika",40.000,0,4.6,5,Ésika
"Perfume, Loción Al Haramain Amber Oud Gold 60ml Original ",345.900,0,0,0,Al Haramain
Perfume Locion Amarige 100ml Mujer Original,320.003,3,0,0,Givenchy
Perfumero Recargable Para Loción Gold Oro- L A $25990,38.990,0,5.0,2,Genericor
Victoria's Secret Mini Loción Con Hechizo De Amor De Niebla,977.500,0,0,0,Mirar imagen y descripción
Loción Antisudoral Disidrol 60ml,27.115,15,5.0,1,Kosmaderm
Loción Bleu Intense Y Loción Homme 033,210.000,0,0,0,L'Bel
Loción Magnat Select Y Loción Dorsay Class,168.900,0,0,0,Ésika
Loción Dancing Night X 100 Ml.,35.900,0,5.0,1,Ésika
Locion Winner Sport Y Locion Cardigan,112.900,0,4.8,4,Ésika
Loción Nitro Y Loción Limage,89.900,0,4.0,2,Ésika
Loción Its You Y Loción Inlove,89.900,0,0,0,Ésika
"Locion Limage, Vibranza Y Dancing",165.000,0,5.0,1,Ésika
Loción Dancing Night Y Expressi,72.900,0,0,0,Ésika
Loción Mithyka X 50 Ml,79.000,0,0,0,Ésika
Loción Expression Sens Y Loción Mithyka,129.000,0,0,0,Ésika
Locion Cardigan Y Locion Exus,122.900,0,4.0,1,Ésika
Locion Expression Y Desodoante Esika,42.900,0,0,0,Ésika
Loción Bleu Intense + Desodorante Winner Sport - Esika,88.000,0,0,0,Ésika
Lociones Zentro Y Forze,156.900,0,0,0,Ésika
Lociones Zentro Y Solo,260.000,0,0,0,Ésika
Lociones Adrenaline Y Solo,265.000,0,0,0,Ésika
Loción Devos Magnetic + Desodorante D'orsay ,105.900,0,5.0,1,ESIKA - L'BEL
Loción Devos Magnetic + Desodorante Salvaje ,105.900,0,0,0,ESIKA- L'BEL
Loción Its You + Desodorante Pulso - E - L A $116,65.900,0,0,0,Ésika
Locion Dancing Night Y Desodorante Esika - Dancing Night ,42.900,0,0,0,Cyzone
Locion Perfume  Versace Bright Crystal Absolu 90 Ml,380.000,0,4.5,2,Versace
Locion Vanilla Scent Y Dancing Night,85.000,0,0,0,Ésika
Locion Perfume Clinique Happy For Men. Original,175.816,29,4.8,5,Clinique
Lociones Dorsay + Winner Sport +nitro+ You,178.200,10,4.8,13,Ésika
Locion Fantasia Azul Infinito Y Vanilla Scent,106.900,0,0,0,Ésika
Dorsay Hombre + Red Power Esika,129.500,0,0,0,Ésika
2 Lociones Aires Del Caribe Her,111.800,0,0,0,Yanbal
"Adrenaline Alegria, Total Block",127.600,0,0,0,Yanbal
Locion Vibranza 45ml Mujer Ésik,65.000,0,0,0,Ésika
212 Heroes For Her 80 ml + Loción corporal (loción) 100 ml,529.900,0,0,0,Carolina Herrera
"Perfume, Loción, Colonia Bleu Intense 100 Ml Lbel Original",70.000,0,0,0,L'Bel
Locion Chundu Ref 321,29.900,0,0,0,Amor amor
Perfumero Recargable Para Loción Rosa - L A $27990,34.990,0,4.7,3,Genericor
Victoria Secret Amber Romance - Set De Loción Y Aroma A Manc,262.900,0,0,0,Victoria's Secret
Setx2 Locion Perfumada Far Away,33.500,0,0,0,Avon
Loción Ccori Rose Le Parfum Dama Original Yanbal,101.900,0,5.0,2,Yanbal
3 Perfume Locion Colonia Hombre Nitro  Esika Cyzone Cy Zone,119.990,0,4.8,14,Ésika
Perfume Locion Versace Eros Mujer 100ml Original,349.900,0,5.0,4,Versace
Locion Nitro Intense + Pulso,116.000,0,0,0,Cyzone
Locion Blue Y Blue Dama Cyzone,33.000,0,0,0,Ésika
"Set Perfume, Loción Ccori Rosé Yanbal 50 Ml",97.000,0,0,0,Yanbal
Splash Loción Para Hombre Body Splahs ,15.000,0,0,0,nitido
Loción Perfume Bravery Pour Femme Edp For Women,216.900,0,0,0,Milestone
Perfume Locion Drakkar Noir De ,579.900,0,0,0,Guy Laroche
"Perfume, Loción Humor Proprio Natura 75 Ml",76.949,0,0,0,Natura
"Perfume, Loción Kaiak O2 Femenina Natura 100 Ml",82.000,0,0,0,Natura
Loción Vanilla Y Loción Its You - Esika,106.900,0,5.0,1,Ésika
Loción Vanilla Y Loción Winner Sport - Esika,106.900,0,0,0,Ésika
Locion Dorsay Class Y Locion Cardigan,142.900,0,0,0,Ésika
Locion Dorsay Class Y Locion Homme 033,178.900,0,5.0,1,Ésika
Loción Nitro Air Y Loción Cardigan,105.900,0,4.0,1,Brand not found
Loción Exus Y Loción Dorsay Class,135.000,0,0,0,Ésika
Loción Magnat Select Y Loción Homme 033,189.900,0,0,0,Ésika
Loción Bleu Intense X 100ml. - Lbel,99.900,0,0,0,L'Bel
Loción Colonia Magnat 90 Ml De Esika,75.000,0,0,0,Ésika
Locion Nitro Y Locion Blue & Blue,70.900,0,0,0,Ésika
Locion Magnat Y Locion Exus,152.000,0,0,0,Ésika
Loción Its You Y Loción Limage,113.900,0,0,0,Ésika
Locion Leyenda Y Locion Dorsay Class,149.000,0,0,0,Ésika
Locion Leyenda Y Locion Its You,128.000,0,0,0,Ésika
Loción Fiori Y Loción Expression,85.900,0,0,0,Ésika
"Lociones: Dancing Night, Expression Y Nitro",107.000,0,4.5,2,Ésika
Loción Mithyka Y Loción Limage,127.900,0,0,0,Ésika
Loción Expression Y Loción Mithyka,99.000,0,0,0,Ésika
"Lociones : Dancing Night, Dancing Y Expression",110.000,0,0,0,Ésika
Perfume In Love Y Perfume Dancing ,69.900,0,0,0,Ésika
Locion New Code Y Locion Salvaje,135.000,0,0,0,Ésika
Locion Bleu Intense Night Y Locion Bleu Intense,195.900,0,0,0,Brand not found
Locion Bleu Intense Night Y Locion Homme 033,209.000,0,0,0,L'Bel
Locion Bleu Intense Night Y Locion Pulso,169.000,0,0,0,Brand not found
Locion Luminosa Seda Y Oro Esika Dama Original X2,60.100,0,5.0,1,Ésika
"Lociones: Altheus, Leyenda Y Nitro",150.000,0,5.0,1,Ésika
Locion Perfume Clinique Happy For Men. Original,175.816,29,4.8,5,Clinique
Lociones Dorsay + Winner Sport +nitro+ You,178.200,10,4.8,13,Ésika
Secret Fantasy Dreams Avon X3,62.800,0,0,0,Avon
"Dancing Night, Ainnara In Bloom",75.000,0,0,0,Cyzone
Ainnara In Bloom + Autentik ,77.400,0,5.0,1,Cyzone
"Loción Corporal Con Fragancia Para Hombre, Bergamota, De Pre",183.230,14,0,0,Pre de Provence
Loción Corporal Victoria Secret Aqua Kiss Para Mujer 240ml,133.091,15,0,0,Victoria's Secret
"Set De Perfume Issey Miyake Edt 100 Ml, Loción Corporal 50 M",346.037,14,0,0,Issey Miyake
"Loción Para Tostadas Con Champán Bath And Body Works, 8 Onza",132.248,15,0,0,Bath & Body Works
Set De Perfume Gucci Bloom Eau De Parfum 50 Ml + Loción Corp,581.798,14,0,0,Gucci
Perfume Feromonas Puras Hombre Loción Atrae Mujeres Vidrio,60.000,50,0,0,atraccion
Locion Nitro Intense + Winner Sport,85.900,0,0,0,Ésika
Set De Perfume Y Loción Victoria's Secret Pink Warm & Cozy,224.354,14,0,0,Victoria's Secret
"Loción Fresh Balls Para Hombres, 3.4 Fl Oz",113.900,0,0,0,Fresh Balls
Loción Gaiia Mujer Yanbal Original,103.200,0,0,0,Yanbal
Loción In Love X 50ml. - Cyzone,35.900,0,0,0,Ésika
 Locion Nitro Clasica Cyzone,70.900,0,0,0,Cyzone
Locion Limage + Expression,99.000,0,5.0,1,Ésika
Perfume Locion  Poeme Lancome Mujer 100ml Original,514.900,0,0,0,Lancôme
Perfume Locion Live Mujer 100ml Original,149.900,0,4.5,2,Jennifer Lopez
Locion Nitro X 100ml. Cyzone Promocion X 2unid,72.900,0,0,0,Ésika
Loción Para Dama On The Edge Oriflame,69.999,0,0,0,Oriflame
Set Perfume + Loción Perfumada ,94.000,0,0,0,Avon
Loción Oajaro Macua Ref 320,29.900,0,3.6,5,Amor amor
Locion Nitro X 100ml. Cyzone,35.900,0,5.0,1,Cyzone
Loción Blue And Blue X 75ml. Dama - Cyzone,34.900,0,0,0,Ésika
Loción Vanilla Y Loción Cardigan - Esika,112.000,0,5.0,1,Ésika
Loción Dorsay Y Loción Salvaje,119.900,0,0,0,Ésika
Loción Nitro Air Y Loción Bleu Intense,135.900,0,5.0,1,Brand not found
Locion Nitro Y In Love,69.900,0,0,0,Cyzone
Loción Dorsay Y Loción Dancing,99.000,0,5.0,2,Ésika
Locion Cardigan Y Locion Leyenda,128.000,0,0,0,Ésika
Loción Bleu Intense Y Loción In Love,135.900,0,0,0,Ésika
Locion Blue & Blue Y Locion Salvaje,85.900,0,0,0,Ésika
Loción Dancing Night Y Loción Girlink,70.900,0,0,0,Ésika
Loción Expression Y Loción Dancing,82.900,0,5.0,2,Ésika
Locion Dorsay Y Locion Nitro Intense,99.000,0,0,0,Ésika
Loción Expression Sens Y Loción In Love,105.000,0,0,0,Ésika
Loción Dancing Night Y Loción Mithyka,86.400,20,0,0,Ésika
"Lociones: Winner Sport, Dancing Y Dancing Night",119.000,0,0,0,Ésika
Lociones: Winner Sport X 2 Y Loción Expression ,136.000,0,0,0,Ésika
"Lociones: Winner Sport, Dorsay Y Dancing Night ",145.900,0,5.0,1,Ésika
Locion Its You Y Locion Exus,115.900,0,0,0,Ésika
Locion Bleu Intense Night Y Locion Nitro,119.000,0,0,0,Ésika
Locion Blue & Blue X 75ml. X 3 Unidades,109.000,0,0,0,Ésika
Loción Bleu Intense + Desodorante Magnat Select - Esika,88.000,0,0,0,Ésika
Lociones Zentro Y Leyenda,219.000,0,0,0,Ésika
Locion Dorsay  + Locion Limage.,129.900,0,5.0,1,Ésika
Locion Exus + Locion Dancing Night.,99.000,0,0,0,Ésika
Locion Dorsay + Des. Altheus,75.000,0,0,0,Ésika
Locion Perfume Clinique Happy For Men. Original,175.816,29,4.8,5,Clinique
Lociones Dorsay + Winner Sport +nitro+ You,178.200,10,4.8,13,Ésika
"Lociones: Dorsay, Nitro Y Winner Sport",149.900,0,0,0,Esika Ebel
Loción Magnat + Desodorante Salvaje - Esika ,94.900,0,0,0,ESIKIA
Loción Nitro Air + Desodorante Cardigan - Esika - Cyzone,52.900,0,4.0,1,ESIKA - CYZONE
Loción Nitro Air + Desodorante Magnat Select - Esika -cyzone,52.900,0,0,0,ESIKA- CYZONE
Locion Expression Y Locion Mia Esika,119.000,0,0,0,Ésika
"Perfume, Loción, Colonia Bleu Intense Night Lbel",70.000,0,4.7,26,L'Bel
Lociones Dorsay Winner Sport + Desodorantes ,132.900,0,0,0,Ésika
Atomizador Botella Spray Perfume Locion Envase,11.000,0,3.7,3,studio.g Fotografia
Loción Para Hombre Para Uso Diario,1.146.900,0,0,0,Brand not found
Locion Liasson Y Prints,114.900,0,0,0,Ésika
Locion Perfume Eternity Calvin Klein Dama,251.354,30,0,0,Calvin Klein
Perfumero Recargable Para Loción Color Negro De 15 Ml,34.990,0,0,0,genericot
"Locion, Fragancia, Perfume",140.000,0,0,0,Moschino
300 Km/h Virtual Adrenaline X3,115.300,0,5.0,1,Avon
2 Perfumes Arom Element Yanbal,178.000,0,0,0,Yanbal
Forze Unlimited + Dancing Dia,74.400,0,0,0,Cyzone
Crema Corporal 500ml Fragancia,26.900,0,4.5,2,Lili Pink
Loción Para Hombre 1100 Ml,116.000,0,0,0,Caribbean Sunrise
Locion Exus X 2 Unidades,129.000,0,0,0,Ésika
Loción Corporal Victoria's Secret Pure Seduction Para Mujer,133.091,15,0,0,Victoria's Secret
Victorias Secret Pure Seduction For Women - Loción Corpora.,156.990,0,0,0,N/A
3 Perfumes Vibranza Addiction,178.200,0,5.0,1,Ésika
Perfume Fleur + Loción De Seda,110.600,0,0,0,L'Bel
"Un Jardin Sur Le Nil Set-edt En Aerosol, 3.3 Onzas, Y Loción",764.994,0,0,0,Hermès
Still Body Mist Jennifer Lopez Locion Corporal Dama 240ml Volumen De La Unidad 240 Ml,49.900,0,0,0,Jennifer Lopez
Franela Gris Por Geoffrey Beene Para Hombres - 4 Oz Edt Spra,138.911,0,0,0,Geoffrey Beene
Setx3 Far Away Locion+2perfumes,45.000,0,0,0,Avon
Locion Perfume Aventus  Viking,300.000,0,0,0,Creed
"Perfume, Loción Vibranza Addiction Esika 45 Ml",63.000,0,0,0,Ésika
Dream Angel Loción Para Manos Y Cuerpo Pa.,173.990,0,0,0,N/A
Mithyka Lumiere + Crema Lbel,97.600,0,0,0,L'Bel
Loción Hidratante Dream Esika,14.900,0,0,0,Ésika
"Loción Australian Gold Moisture Lock Tan Extender, 16 Fl Oz",115.900,0,5.0,1,Australian Gold
"Perfume, Locion Pink Rush Mujer 100ml Original",164.803,3,0,0,Paris Hilton
Perfume Locion Diamonds Y Emeralds 100ml Original,99.900,0,4.9,15,Elizabeth Taylor
Perfume Loción United Dreams Hombre 100ml Original,129.900,0,4.6,7,Benetton
Perfume Locion So Real Moschino Mujer 100ml Original,219.900,0,5.0,2,Moschino
Locion Leyenda + Prints Xperien,99.000,0,5.0,1,Ésika
Loción Solo De Yanbal X 3 Unidades Originales ,319.990,0,5.0,7,Yanbal
Lociones,185.000,0,0,0,Victorias Secrets
"Perfume, Loción, Colonia Humor Proprio Natura 75 Ml",90.000,0,0,0,Natura
Fantasia Azul Infinito X3 Locion Esika Original,131.500,0,4.6,5,Ésika
Perfume Grey Flannel 240 Ml,165.900,0,5.0,1,Geoffrey Beene
"Perfume, Loción Icono Eau De Parfum Yanbal 50 Ml",60.100,0,0,0,Yanbal
Loción Para Dama Fiori 50 Ml,59.000,0,0,0,Ésika
Loción Liga Del Dólar Abundanci,25.400,0,0,0,Liga del dolar
Set Perfume Mithyka + Loción,98.000,0,0,0,L'Bel
Loción Hombres 1100 Ml,116.000,0,0,0,Caribbean Sunrise
Locion Perfume Clinique Happy For Men. Original,175.816,29,4.8,5,Clinique
Lociones Dorsay + Winner Sport +nitro+ You,178.200,10,4.8,13,Ésika
Perfume Loción Givenchy Insense,221.900,0,0,0,Givenchy
Set X2 Perfume Ícono  + Loción Perfumada Ícono Yanbal,112.000,0,0,0,Yanbal
"Perfume, Loción Dendur Yanbal 75 Ml",79.000,0,0,0,Yanbal
Loción Magnat Y Loción Cardigan,138.000,0,5.0,1,Ésika
Loción Magnat Y Loción Solo,195.000,0,0,0,Ésika
Loción Vanilla Y Loción Pulso,129.000,0,0,0,Ésika
Locion Dorsay Class Y Locion Vanilla - Esika,132.900,0,0,0,Ésika
Loción Nitro Y Loción Magnat Select,119.900,0,0,0,Ésika
Loción Dorsay Y Loción Bleu Intense,159.900,0,0,0,Ésika
Loción Dorsay Y Loción Homme 033,164.900,0,0,0,Ésika
Loción Nitro Air Y Loción Its You,99.900,0,0,0,Ésika
Loción Magnat Select Y Loción Solo,193.900,0,0,0,Ésika
Locion Pulso Y Locion Nitro Air,116.900,0,0,0,Ésika
Locion Nitro Intense Y Locion Blue & Blue,70.900,0,0,0,Ésika
Locion Winner Sport Y Locion Dorsay,120.900,0,0,0,Ésika
Locion Winner Sport Y Locion Leyenda,119.000,0,0,0,Ésika
Loción Nitro Y  Loción Fiori. Promoción Insuperable.,99.000,0,0,0,Ésika
Locion Cardigan Y Locion Blue & Blue,89.900,0,5.0,1,Ésika
Loción Dancing Y Loción In Love,69.900,0,0,0,Cyzone
Loción Dancing Night Y Loción Vibranza,108.000,0,0,0,Ésika
Loción Expression Sens Y Loción Fantasía Azul Infinito,99.000,0,0,0,Ésika
Locion Dorsay Infinite Y Locion Vanilla,132.000,0,0,0,Ésika
Locion Girlink Y Locion Mithyka,128.900,0,0,0,Ésika
Locion Its You Live Y Locion Magnat Select,146.900,0,0,0,Ésika
Locion Devos Magnetic Y Locion Dorsay Class,175.900,0,0,0,Ésika
Locion Devos Magnetic Y Locion Vanilla,165.000,0,5.0,1,Ésika
"Lociones: Blue & Blue, Dancing Night Y Expression ",107.000,0,5.0,1,Ésika
Locion Its You Y Locion Magnat,139.900,0,0,0,Ésika
Locion Its You Y Locion Nitro Intense,99.000,0,0,0,Ésika
Locion Bleu Intense Night Y Locion Solo ,215.000,0,0,0,Ésika
Locion Mithyka Zaffyr Y Locion In Love ,147.000,0,0,0,Ésika
Locion Cardigan Y Locion Magnat,139.900,0,0,0,Ésika
Locion Cardigan Y Locion Nitro Air,106.900,0,0,0,Ésika
Locion Cardigan Y Locion Salvaje,112.000,0,4.0,1,Ésika
Locion Bleu Intense Night + Locion Mithyka.,159.000,0,0,0,Ésika
Loción Bleu Intense + Desodorante Altheus - Esika,88.000,0,0,0,Ésika
Locion Blue & Blue + Locion Limage.,86.900,0,0,0,Ésika
Locion Cardigan + Locion Blue & Blue.,99.000,0,0,0,Ésika
Lociones Jaque Y Vanilla,199.000,0,0,0,Ésika
Lociones Temptation Y Dorsay,223.000,0,0,0,Ésika
Lociones Temptation Y Solo,265.000,0,0,0,Ésika
Loción Dorsay + Desodorante Its You - - L A $136,75.000,0,0,0,Ésika
Loción Dorsay + Desodorante Magnat Sel - L A $136,70.900,0,0,0,Ésika
Locion Desafiant Y Locion Dorsay Class,146.900,0,0,0,Ésika
Locion Mia Y Locion In Love ,112.900,0,0,0,Esika Y Cyzone
"Locion, Perfume, Fragancia, Colonia Impredecible Esika",70.000,0,0,0,Ésika
Locion Dancing Night Y Locion Impredecible,99.000,0,0,0,Ésika
"Lociones:  Magnat , Pulso, Dorsay, Sólo ",325.000,0,0,0,Ésika
Locion Perfume Clinique Happy For Men. Original,175.816,29,4.8,5,Clinique
Lociones Dorsay + Winner Sport +nitro+ You,178.200,10,4.8,13,Ésika
Loción Vibranza X 45 Ml.,69.900,0,0,0,Ésika
Locion Nitro Y Loción Vibranza,90.000,0,0,0,Ésika
Loción Winner Sport Y Loción Vibranza,135.000,0,0,0,Ésika
Loción Vanilla Y Loción  Fantasía Azul Infinito,95.000,0,0,0,Ésika
Loción Vanilla Y Loción Fiori. Promoción Insuperable.,109.000,0,0,0,Ésika
Loción Vanilla Y Loción Limage,105.900,0,0,0,Ésika
Loción Vanilla Y Loción Vibranza,145.000,0,0,0,Ésika
Loción Bleu Intense Y Loción Fantasía Azul Infinito,142.000,0,0,0,Ésika
Loción Blue & Blue Y Loción Girlink,70.900,0,0,0,Ésika
Locion Blue & Blue Y Locion Homme 033,142.900,0,0,0,Ésika
Locion Blue & Blue Y Locion Vanilla,84.900,0,0,0,Ésika
Loción Expression Sens Y Loción Limage,119.000,0,0,0,Ésika
Locion Dorsay Class Y Locion Dorsay,149.900,0,0,0,Ésika
Loción Mithika Y Loción Dancing Night ,109.000,0,0,0,Ésika
Loción Mithyka Y Loción Girlink,113.900,0,0,0,Ésika
Loción Fantasía Azul Infinito Y Loción Mithyka,128.000,0,0,0,Ésika
Locion Dorsay Infinite Y Locion Salvaje,132.000,0,0,0,Ésika
Loción Prints Y Loción Satin Rouge,119.000,0,0,0,Ésika
Loción Mithyka Y Loción Satin Rouge,149.000,0,0,0,Ésika
Loción Limage Y Loción Girlink ,99.000,0,0,0,Ésika
Loción Limage Y Loción In Love  ,99.900,0,0,0,Ésika
Locion Devos Magnetic Y Locion Salvaje,157.000,0,0,0,Ésika
Loción In Love Y Loción Mithyka,109.000,0,0,0,Ésika
Locion Its You Y Locion Dorsay Infinite,135.900,0,0,0,Ésika
Locion Its You Y Locion Pulso,120.000,0,0,0,Ésika
Locion Dorsay Y Locion Mithyka,135.900,0,0,0,Ésika
Locion Winner Sport Y Locion Mithyka,128.000,0,0,0,Ésika
Locion Bleu Intense Y Locion Bleu Intense Night,195.000,0,0,0,Brand not found
Locion Bleu Intense Night X 100ml + Locion Fantasia X 50 Ml.,135.000,0,0,0,Ésika
Loción Bleu Intense + Desodorante Leyenda - Esika,88.000,0,0,0,Ésika
Lociones Zentro Y Vanilla,199.000,0,0,0,Ésika
Locion Dorsay + Locion Dancing Night.,106.900,0,4.0,1,Ésika
Lociones Temptation Y Homme 033,249.000,0,0,0,Ésika
Loción Dorsay Class + Desodorante Dor - L A $256,86.900,0,0,0,Ésika
Loción Musk Hombre Yanbal Nueva Presentación Original,82.050,0,4.7,3,Yanbal
Locion Homme 033 Y Limage ,157.000,0,0,0,Ésika
"Lociones: Dorsay, Nitro Y Homme 033",199.000,0,4.5,2,Esika Ebel
Loción Its You + Desodorante Magnat - - L A $116,65.900,0,0,0,Ésika
Loción Dancing Y Desodorante Esika- Expression ,43.900,0,5.0,1,Cyzone Y Esika
Loción Leyenda + Desodorante Pulso - Esika ,76.900,0,0,0,Ésika
Nitro Air + Desodorante Dorsay C,52.900,0,0,0,Ésika
"Lociones: Dancing, Dancing Night Y Mia",145.000,0,0,0,Cyzone Y Esika
Locion Impredecible X 2 Unidades,105.900,0,0,0,Ésika
Fantasia Azul Infinito Locion Esika Original,47.300,0,4.9,7,Ésika
Locion Vanilla Scent Y Girlink,99.000,0,0,0,Ésika
Locion Impredecible Y Expression Sens,119.000,0,0,0,Ésika
Loción Exus + Desodorante Leyenda,78.900,0,0,0,Ésika
Perfumero Recargable Loción Azu,37.990,0,0,0,Genericor
